source,crop,split,label,detection_confidence,labeled_output
dataset_labeled\train\images\covid_test_000002.jpg,cropped_tests\images\covid_test_000002_crop.jpg,train,negative,0.1311,classification_dataset\train\no\covid_test_000002_crop.jpg
dataset_labeled\train\images\covid_test_000004.jpg,cropped_tests\images\covid_test_000004_crop.jpg,train,negative,0.4728,classification_dataset\train\no\covid_test_000004_crop.jpg
dataset_labeled\train\images\covid_test_000005.jpg,,train,no_detection,,
dataset_labeled\train\images\covid_test_000007.jpg,,train,no_detection,,
dataset_labeled\train\images\covid_test_000008.jpg,cropped_tests\images\covid_test_000008_crop.jpg,train,negative,0.2813,classification_dataset\train\no\covid_test_000008_crop.jpg
dataset_labeled\train\images\covid_test_000009.jpg,cropped_tests\images\covid_test_000009_crop.jpg,train,positive,0.5840,classification_dataset\train\yes\covid_test_000009_crop.jpg
dataset_labeled\train\images\covid_test_000011.jpg,cropped_tests\images\covid_test_000011_crop.jpg,train,positive,0.6547,classification_dataset\train\yes\covid_test_000011_crop.jpg
dataset_labeled\train\images\covid_test_000013.jpg,,train,no_detection,,
dataset_labeled\train\images\covid_test_000014.jpg,cropped_tests\images\covid_test_000014_crop.jpg,train,positive,0.7629,classification_dataset\train\yes\covid_test_000014_crop.jpg
dataset_labeled\train\images\covid_test_000015.jpg,cropped_tests\images\covid_test_000015_crop.jpg,train,positive,0.8782,classification_dataset\train\yes\covid_test_000015_crop.jpg
dataset_labeled\train\images\covid_test_000017.jpg,,train,no_detection,,
dataset_labeled\train\images\covid_test_000021.jpg,cropped_tests\images\covid_test_000021_crop.jpg,train,invalid,0.7458,classification_dataset\train\invalid\covid_test_000021_crop.jpg
dataset_labeled\train\images\covid_test_000025.jpg,cropped_tests\images\covid_test_000025_crop.jpg,train,positive,0.7322,classification_dataset\train\yes\covid_test_000025_crop.jpg
dataset_labeled\train\images\covid_test_000026.jpg,cropped_tests\images\covid_test_000026_crop.jpg,train,positive,0.6678,classification_dataset\train\yes\covid_test_000026_crop.jpg
dataset_labeled\train\images\covid_test_000027.jpg,cropped_tests\images\covid_test_000027_crop.jpg,train,negative,0.9035,classification_dataset\train\no\covid_test_000027_crop.jpg
dataset_labeled\train\images\covid_test_000028.jpg,cropped_tests\images\covid_test_000028_crop.jpg,train,positive,0.5798,classification_dataset\train\yes\covid_test_000028_crop.jpg
dataset_labeled\train\images\covid_test_000029.jpg,,train,no_detection,,
dataset_labeled\train\images\covid_test_000033.jpg,cropped_tests\images\covid_test_000033_crop.jpg,train,negative,0.8732,classification_dataset\train\no\covid_test_000033_crop.jpg
dataset_labeled\train\images\covid_test_000035.jpg,,train,no_detection,,
dataset_labeled\train\images\covid_test_000036.jpg,,train,no_detection,,
dataset_labeled\train\images\covid_test_000037.jpg,,train,no_detection,,
dataset_labeled\train\images\covid_test_000038.jpg,cropped_tests\images\covid_test_000038_crop.jpg,train,negative,0.8585,classification_dataset\train\no\covid_test_000038_crop.jpg
dataset_labeled\train\images\covid_test_000039.jpg,cropped_tests\images\covid_test_000039_crop.jpg,train,negative,0.6462,classification_dataset\train\no\covid_test_000039_crop.jpg
dataset_labeled\train\images\covid_test_000041.jpg,,train,no_detection,,
dataset_labeled\train\images\covid_test_000042.jpg,cropped_tests\images\covid_test_000042_crop.jpg,train,positive,0.4536,classification_dataset\train\yes\covid_test_000042_crop.jpg
dataset_labeled\train\images\covid_test_000043.jpg,cropped_tests\images\covid_test_000043_crop.jpg,train,positive,0.7519,classification_dataset\train\yes\covid_test_000043_crop.jpg
dataset_labeled\train\images\covid_test_000044.jpg,,train,no_detection,,
dataset_labeled\train\images\covid_test_000045.jpg,cropped_tests\images\covid_test_000045_crop.jpg,train,skipped,0.1154,
dataset_labeled\train\images\covid_test_000048.jpg,cropped_tests\images\covid_test_000048_crop.jpg,train,positive,0.4866,classification_dataset\train\yes\covid_test_000048_crop.jpg
dataset_labeled\train\images\covid_test_000049.jpg,cropped_tests\images\covid_test_000049_crop.jpg,train,skipped,0.3197,
dataset_labeled\train\images\covid_test_000050.jpg,,train,no_detection,,
dataset_labeled\train\images\covid_test_000051.jpg,cropped_tests\images\covid_test_000051_crop.jpg,train,positive,0.7692,classification_dataset\train\yes\covid_test_000051_crop.jpg
dataset_labeled\train\images\covid_test_000053.jpg,,train,no_detection,,
dataset_labeled\train\images\covid_test_000054.jpg,,train,no_detection,,
dataset_labeled\train\images\covid_test_000055.jpg,cropped_tests\images\covid_test_000055_crop.jpg,train,skipped,0.7938,
dataset_labeled\train\images\covid_test_000058.jpg,,train,no_detection,,
dataset_labeled\train\images\covid_test_000059.jpg,cropped_tests\images\covid_test_000059_crop.jpg,train,negative,0.4476,classification_dataset\train\no\covid_test_000059_crop.jpg
dataset_labeled\train\images\covid_test_000061.jpg,cropped_tests\images\covid_test_000061_crop.jpg,train,negative,0.6894,classification_dataset\train\no\covid_test_000061_crop.jpg
dataset_labeled\train\images\covid_test_000063.jpg,,train,no_detection,,
dataset_labeled\train\images\covid_test_000067.jpg,cropped_tests\images\covid_test_000067_crop.jpg,train,negative,0.8742,classification_dataset\train\no\covid_test_000067_crop.jpg
dataset_labeled\train\images\covid_test_000068.jpg,cropped_tests\images\covid_test_000068_crop.jpg,train,skipped,0.7571,
dataset_labeled\train\images\covid_test_000072.jpg,cropped_tests\images\covid_test_000072_crop.jpg,train,negative,0.7343,classification_dataset\train\no\covid_test_000072_crop.jpg
dataset_labeled\train\images\covid_test_000075.jpg,,train,no_detection,,
dataset_labeled\train\images\covid_test_000082.jpg,,train,no_detection,,
dataset_labeled\train\images\covid_test_000084.jpg,cropped_tests\images\covid_test_000084_crop.jpg,train,positive,0.9290,classification_dataset\train\yes\covid_test_000084_crop.jpg
dataset_labeled\train\images\covid_test_000086.jpg,cropped_tests\images\covid_test_000086_crop.jpg,train,positive,0.7771,classification_dataset\train\yes\covid_test_000086_crop.jpg
dataset_labeled\train\images\covid_test_000088.jpg,cropped_tests\images\covid_test_000088_crop.jpg,train,positive,0.8059,classification_dataset\train\yes\covid_test_000088_crop.jpg
dataset_labeled\train\images\covid_test_000089.jpg,cropped_tests\images\covid_test_000089_crop.jpg,train,negative,0.7964,classification_dataset\train\no\covid_test_000089_crop.jpg
dataset_labeled\train\images\covid_test_000092.jpg,cropped_tests\images\covid_test_000092_crop.jpg,train,negative,0.7258,classification_dataset\train\no\covid_test_000092_crop.jpg
dataset_labeled\train\images\covid_test_000093.jpg,cropped_tests\images\covid_test_000093_crop.jpg,train,negative,0.8675,classification_dataset\train\no\covid_test_000093_crop.jpg
dataset_labeled\train\images\covid_test_000095.jpg,cropped_tests\images\covid_test_000095_crop.jpg,train,positive,0.7919,classification_dataset\train\yes\covid_test_000095_crop.jpg
dataset_labeled\train\images\covid_test_000096.jpg,cropped_tests\images\covid_test_000096_crop.jpg,train,negative,0.8945,classification_dataset\train\no\covid_test_000096_crop.jpg
dataset_labeled\train\images\covid_test_000097.jpg,cropped_tests\images\covid_test_000097_crop.jpg,train,negative,0.8196,classification_dataset\train\no\covid_test_000097_crop.jpg
dataset_labeled\train\images\covid_test_000098.jpg,cropped_tests\images\covid_test_000098_crop.jpg,train,positive,0.9217,classification_dataset\train\yes\covid_test_000098_crop.jpg
dataset_labeled\train\images\covid_test_000099.jpg,cropped_tests\images\covid_test_000099_crop.jpg,train,negative,0.9198,classification_dataset\train\no\covid_test_000099_crop.jpg
dataset_labeled\train\images\covid_test_000101.jpg,,train,no_detection,,
dataset_labeled\train\images\covid_test_000103.jpg,cropped_tests\images\covid_test_000103_crop.jpg,train,skipped,0.8758,
dataset_labeled\train\images\covid_test_000104.jpg,cropped_tests\images\covid_test_000104_crop.jpg,train,negative,0.8193,classification_dataset\train\no\covid_test_000104_crop.jpg
dataset_labeled\train\images\covid_test_000106.jpg,cropped_tests\images\covid_test_000106_crop.jpg,train,negative,0.7789,classification_dataset\train\no\covid_test_000106_crop.jpg
dataset_labeled\train\images\covid_test_000107.jpg,,train,no_detection,,
dataset_labeled\train\images\covid_test_000108.jpg,,train,no_detection,,
dataset_labeled\train\images\covid_test_000109.jpg,cropped_tests\images\covid_test_000109_crop.jpg,train,positive,0.7894,classification_dataset\train\yes\covid_test_000109_crop.jpg
dataset_labeled\train\images\covid_test_000111.jpg,cropped_tests\images\covid_test_000111_crop.jpg,train,negative,0.8063,classification_dataset\train\no\covid_test_000111_crop.jpg
dataset_labeled\train\images\covid_test_000113.jpg,cropped_tests\images\covid_test_000113_crop.jpg,train,negative,0.8683,classification_dataset\train\no\covid_test_000113_crop.jpg
dataset_labeled\train\images\covid_test_000115.jpg,,train,no_detection,,
dataset_labeled\train\images\covid_test_000116.jpg,cropped_tests\images\covid_test_000116_crop.jpg,train,negative,0.8271,classification_dataset\train\no\covid_test_000116_crop.jpg
dataset_labeled\train\images\covid_test_000117.jpg,cropped_tests\images\covid_test_000117_crop.jpg,train,positive,0.8963,classification_dataset\train\yes\covid_test_000117_crop.jpg
dataset_labeled\train\images\covid_test_000118.jpg,cropped_tests\images\covid_test_000118_crop.jpg,train,skipped,0.8356,
dataset_labeled\train\images\covid_test_000119.jpg,,train,no_detection,,
dataset_labeled\train\images\covid_test_000120.jpg,,train,no_detection,,
dataset_labeled\train\images\covid_test_000121.jpg,,train,no_detection,,
dataset_labeled\train\images\covid_test_000122.jpg,cropped_tests\images\covid_test_000122_crop.jpg,train,skipped,0.6827,
dataset_labeled\train\images\covid_test_000123.jpg,cropped_tests\images\covid_test_000123_crop.jpg,train,positive,0.8782,classification_dataset\train\yes\covid_test_000123_crop.jpg
dataset_labeled\train\images\covid_test_000124.jpg,cropped_tests\images\covid_test_000124_crop.jpg,train,positive,0.9436,classification_dataset\train\yes\covid_test_000124_crop.jpg
dataset_labeled\train\images\covid_test_000126.jpg,cropped_tests\images\covid_test_000126_crop.jpg,train,positive,0.2792,classification_dataset\train\yes\covid_test_000126_crop.jpg
dataset_labeled\train\images\covid_test_000127.jpg,,train,no_detection,,
dataset_labeled\train\images\covid_test_000128.jpg,cropped_tests\images\covid_test_000128_crop.jpg,train,negative,0.8714,classification_dataset\train\no\covid_test_000128_crop.jpg
dataset_labeled\train\images\covid_test_000129.jpg,,train,no_detection,,
dataset_labeled\train\images\covid_test_000131.jpg,cropped_tests\images\covid_test_000131_crop.jpg,train,positive,0.9078,classification_dataset\train\yes\covid_test_000131_crop.jpg
dataset_labeled\train\images\covid_test_000133.jpg,cropped_tests\images\covid_test_000133_crop.jpg,train,negative,0.8488,classification_dataset\train\no\covid_test_000133_crop.jpg
dataset_labeled\train\images\covid_test_000135.jpg,cropped_tests\images\covid_test_000135_crop.jpg,train,negative,0.9066,classification_dataset\train\no\covid_test_000135_crop.jpg
dataset_labeled\train\images\covid_test_000136.jpg,cropped_tests\images\covid_test_000136_crop.jpg,train,positive,0.8943,classification_dataset\train\yes\covid_test_000136_crop.jpg
dataset_labeled\train\images\covid_test_000137.jpg,cropped_tests\images\covid_test_000137_crop.jpg,train,negative,0.8267,classification_dataset\train\no\covid_test_000137_crop.jpg
dataset_labeled\train\images\covid_test_000138.jpg,,train,no_detection,,
dataset_labeled\train\images\covid_test_000139.jpg,cropped_tests\images\covid_test_000139_crop.jpg,train,negative,0.8530,classification_dataset\train\no\covid_test_000139_crop.jpg
dataset_labeled\train\images\covid_test_000141.jpg,cropped_tests\images\covid_test_000141_crop.jpg,train,negative,0.8177,classification_dataset\train\no\covid_test_000141_crop.jpg
dataset_labeled\train\images\covid_test_000142.jpg,,train,no_detection,,
dataset_labeled\train\images\covid_test_000146.jpg,cropped_tests\images\covid_test_000146_crop.jpg,train,skipped,0.1735,
dataset_labeled\train\images\covid_test_000148.jpg,,train,no_detection,,
dataset_labeled\train\images\covid_test_000151.jpg,cropped_tests\images\covid_test_000151_crop.jpg,train,negative,0.6764,classification_dataset\train\no\covid_test_000151_crop.jpg
dataset_labeled\train\images\covid_test_000152.jpg,,train,no_detection,,
dataset_labeled\train\images\covid_test_000154.jpg,cropped_tests\images\covid_test_000154_crop.jpg,train,positive,0.8675,classification_dataset\train\yes\covid_test_000154_crop.jpg
dataset_labeled\train\images\covid_test_000157.jpg,,train,no_detection,,
dataset_labeled\train\images\covid_test_000158.jpg,cropped_tests\images\covid_test_000158_crop.jpg,train,negative,0.5711,classification_dataset\train\no\covid_test_000158_crop.jpg
dataset_labeled\train\images\covid_test_000159.jpg,,train,no_detection,,
dataset_labeled\train\images\covid_test_000160.jpg,cropped_tests\images\covid_test_000160_crop.jpg,train,positive,0.8473,classification_dataset\train\yes\covid_test_000160_crop.jpg
dataset_labeled\train\images\covid_test_000162.jpg,,train,no_detection,,
dataset_labeled\train\images\covid_test_000163.jpg,,train,no_detection,,
dataset_labeled\train\images\covid_test_000164.jpg,,train,no_detection,,
dataset_labeled\train\images\covid_test_000165.jpg,cropped_tests\images\covid_test_000165_crop.jpg,train,negative,0.8746,classification_dataset\train\no\covid_test_000165_crop.jpg
dataset_labeled\train\images\covid_test_000166.jpg,,train,no_detection,,
dataset_labeled\train\images\covid_test_000167.jpg,,train,no_detection,,
dataset_labeled\train\images\covid_test_000168.jpg,cropped_tests\images\covid_test_000168_crop.jpg,train,positive,0.8386,classification_dataset\train\yes\covid_test_000168_crop.jpg
dataset_labeled\train\images\covid_test_000169.jpg,cropped_tests\images\covid_test_000169_crop.jpg,train,negative,0.8784,classification_dataset\train\no\covid_test_000169_crop.jpg
dataset_labeled\train\images\covid_test_000170.jpg,,train,no_detection,,
dataset_labeled\train\images\covid_test_000172.jpg,cropped_tests\images\covid_test_000172_crop.jpg,train,positive,0.8343,classification_dataset\train\yes\covid_test_000172_crop.jpg
dataset_labeled\train\images\covid_test_000175.jpg,,train,no_detection,,
dataset_labeled\train\images\covid_test_000176.jpg,,train,no_detection,,
dataset_labeled\train\images\covid_test_000177.jpg,cropped_tests\images\covid_test_000177_crop.jpg,train,negative,0.9315,classification_dataset\train\no\covid_test_000177_crop.jpg
dataset_labeled\train\images\covid_test_000179.jpg,,train,no_detection,,
dataset_labeled\train\images\covid_test_000182.jpg,cropped_tests\images\covid_test_000182_crop.jpg,train,negative,0.5870,classification_dataset\train\no\covid_test_000182_crop.jpg
dataset_labeled\train\images\covid_test_000184.jpg,cropped_tests\images\covid_test_000184_crop.jpg,train,positive,0.8396,classification_dataset\train\yes\covid_test_000184_crop.jpg
dataset_labeled\train\images\covid_test_000185.jpg,cropped_tests\images\covid_test_000185_crop.jpg,train,positive,0.8706,classification_dataset\train\yes\covid_test_000185_crop.jpg
dataset_labeled\train\images\covid_test_000187.jpg,cropped_tests\images\covid_test_000187_crop.jpg,train,negative,0.9199,classification_dataset\train\no\covid_test_000187_crop.jpg
dataset_labeled\train\images\covid_test_000188.jpg,cropped_tests\images\covid_test_000188_crop.jpg,train,invalid,0.6900,classification_dataset\train\invalid\covid_test_000188_crop.jpg
dataset_labeled\train\images\covid_test_000190.jpg,cropped_tests\images\covid_test_000190_crop.jpg,train,negative,0.7717,classification_dataset\train\no\covid_test_000190_crop.jpg
dataset_labeled\train\images\covid_test_000192.jpg,cropped_tests\images\covid_test_000192_crop.jpg,train,positive,0.7899,classification_dataset\train\yes\covid_test_000192_crop.jpg
dataset_labeled\train\images\covid_test_000193.jpg,cropped_tests\images\covid_test_000193_crop.jpg,train,negative,0.3630,classification_dataset\train\no\covid_test_000193_crop.jpg
dataset_labeled\train\images\covid_test_000196.jpg,cropped_tests\images\covid_test_000196_crop.jpg,train,negative,0.8372,classification_dataset\train\no\covid_test_000196_crop.jpg
dataset_labeled\train\images\covid_test_000197.jpg,cropped_tests\images\covid_test_000197_crop.jpg,train,negative,0.8758,classification_dataset\train\no\covid_test_000197_crop.jpg
dataset_labeled\train\images\covid_test_000198.jpg,cropped_tests\images\covid_test_000198_crop.jpg,train,positive,0.6529,classification_dataset\train\yes\covid_test_000198_crop.jpg
dataset_labeled\train\images\covid_test_000199.jpg,cropped_tests\images\covid_test_000199_crop.jpg,train,positive,0.8839,classification_dataset\train\yes\covid_test_000199_crop.jpg
dataset_labeled\train\images\covid_test_000200.jpg,cropped_tests\images\covid_test_000200_crop.jpg,train,negative,0.8773,classification_dataset\train\no\covid_test_000200_crop.jpg
dataset_labeled\train\images\covid_test_000201.jpg,cropped_tests\images\covid_test_000201_crop.jpg,train,negative,0.8427,classification_dataset\train\no\covid_test_000201_crop.jpg
dataset_labeled\train\images\covid_test_000202.jpg,cropped_tests\images\covid_test_000202_crop.jpg,train,skipped,0.8542,
dataset_labeled\train\images\covid_test_000203.jpg,cropped_tests\images\covid_test_000203_crop.jpg,train,negative,0.8718,classification_dataset\train\no\covid_test_000203_crop.jpg
dataset_labeled\train\images\covid_test_000204.jpg,,train,no_detection,,
dataset_labeled\train\images\covid_test_000206.jpg,cropped_tests\images\covid_test_000206_crop.jpg,train,positive,0.4183,classification_dataset\train\yes\covid_test_000206_crop.jpg
dataset_labeled\train\images\covid_test_000207.jpg,,train,no_detection,,
dataset_labeled\train\images\covid_test_000208.jpg,cropped_tests\images\covid_test_000208_crop.jpg,train,negative,0.9061,classification_dataset\train\no\covid_test_000208_crop.jpg
dataset_labeled\train\images\covid_test_000209.jpg,cropped_tests\images\covid_test_000209_crop.jpg,train,positive,0.8937,classification_dataset\train\yes\covid_test_000209_crop.jpg
dataset_labeled\train\images\covid_test_000211.jpg,,train,no_detection,,
dataset_labeled\train\images\covid_test_000213.jpg,cropped_tests\images\covid_test_000213_crop.jpg,train,positive,0.8226,classification_dataset\train\yes\covid_test_000213_crop.jpg
dataset_labeled\train\images\covid_test_000214.jpg,cropped_tests\images\covid_test_000214_crop.jpg,train,positive,0.7721,classification_dataset\train\yes\covid_test_000214_crop.jpg
dataset_labeled\train\images\covid_test_000215.jpg,,train,no_detection,,
dataset_labeled\train\images\covid_test_000216.jpg,cropped_tests\images\covid_test_000216_crop.jpg,train,positive,0.8167,classification_dataset\train\yes\covid_test_000216_crop.jpg
dataset_labeled\train\images\covid_test_000217.jpg,cropped_tests\images\covid_test_000217_crop.jpg,train,negative,0.8560,classification_dataset\train\no\covid_test_000217_crop.jpg
dataset_labeled\train\images\covid_test_000219.jpg,cropped_tests\images\covid_test_000219_crop.jpg,train,negative,0.8957,classification_dataset\train\no\covid_test_000219_crop.jpg
dataset_labeled\train\images\covid_test_000221.jpg,cropped_tests\images\covid_test_000221_crop.jpg,train,negative,0.7234,classification_dataset\train\no\covid_test_000221_crop.jpg
dataset_labeled\train\images\covid_test_000223.jpg,cropped_tests\images\covid_test_000223_crop.jpg,train,negative,0.8108,classification_dataset\train\no\covid_test_000223_crop.jpg
dataset_labeled\train\images\covid_test_000224.jpg,cropped_tests\images\covid_test_000224_crop.jpg,train,negative,0.8794,classification_dataset\train\no\covid_test_000224_crop.jpg
dataset_labeled\train\images\covid_test_000225.jpg,,train,no_detection,,
dataset_labeled\train\images\covid_test_000226.jpg,,train,no_detection,,
dataset_labeled\train\images\covid_test_000228.jpg,,train,no_detection,,
dataset_labeled\train\images\covid_test_000230.jpg,cropped_tests\images\covid_test_000230_crop.jpg,train,negative,0.8861,classification_dataset\train\no\covid_test_000230_crop.jpg
dataset_labeled\train\images\covid_test_000233.jpg,cropped_tests\images\covid_test_000233_crop.jpg,train,negative,0.7950,classification_dataset\train\no\covid_test_000233_crop.jpg
dataset_labeled\train\images\covid_test_000234.jpg,cropped_tests\images\covid_test_000234_crop.jpg,train,negative,0.8449,classification_dataset\train\no\covid_test_000234_crop.jpg
dataset_labeled\train\images\covid_test_000236.jpg,cropped_tests\images\covid_test_000236_crop.jpg,train,positive,0.8743,classification_dataset\train\yes\covid_test_000236_crop.jpg
dataset_labeled\train\images\covid_test_000237.jpg,cropped_tests\images\covid_test_000237_crop.jpg,train,negative,0.8630,classification_dataset\train\no\covid_test_000237_crop.jpg
dataset_labeled\train\images\covid_test_000238.jpg,cropped_tests\images\covid_test_000238_crop.jpg,train,positive,0.7421,classification_dataset\train\yes\covid_test_000238_crop.jpg
dataset_labeled\train\images\covid_test_000242.jpg,cropped_tests\images\covid_test_000242_crop.jpg,train,positive,0.8608,classification_dataset\train\yes\covid_test_000242_crop.jpg
dataset_labeled\train\images\covid_test_000243.jpg,cropped_tests\images\covid_test_000243_crop.jpg,train,positive,0.8516,classification_dataset\train\yes\covid_test_000243_crop.jpg
dataset_labeled\train\images\covid_test_000244.jpg,cropped_tests\images\covid_test_000244_crop.jpg,train,negative,0.8736,classification_dataset\train\no\covid_test_000244_crop.jpg
dataset_labeled\train\images\covid_test_000245.jpg,cropped_tests\images\covid_test_000245_crop.jpg,train,positive,0.4789,classification_dataset\train\yes\covid_test_000245_crop.jpg
dataset_labeled\train\images\covid_test_000246.jpg,cropped_tests\images\covid_test_000246_crop.jpg,train,negative,0.8675,classification_dataset\train\no\covid_test_000246_crop.jpg
dataset_labeled\train\images\covid_test_000247.jpg,cropped_tests\images\covid_test_000247_crop.jpg,train,positive,0.7162,classification_dataset\train\yes\covid_test_000247_crop.jpg
dataset_labeled\train\images\covid_test_000248.jpg,cropped_tests\images\covid_test_000248_crop.jpg,train,skipped,0.7643,
dataset_labeled\train\images\covid_test_000249.jpg,,train,no_detection,,
dataset_labeled\train\images\covid_test_000250.jpg,cropped_tests\images\covid_test_000250_crop.jpg,train,positive,0.9184,classification_dataset\train\yes\covid_test_000250_crop.jpg
dataset_labeled\train\images\covid_test_000251.jpg,cropped_tests\images\covid_test_000251_crop.jpg,train,negative,0.8449,classification_dataset\train\no\covid_test_000251_crop.jpg
dataset_labeled\train\images\covid_test_000252.jpg,,train,no_detection,,
dataset_labeled\train\images\covid_test_000253.jpg,cropped_tests\images\covid_test_000253_crop.jpg,train,positive,0.8956,classification_dataset\train\yes\covid_test_000253_crop.jpg
dataset_labeled\train\images\covid_test_000254.jpg,cropped_tests\images\covid_test_000254_crop.jpg,train,negative,0.7798,classification_dataset\train\no\covid_test_000254_crop.jpg
dataset_labeled\train\images\covid_test_000255.jpg,cropped_tests\images\covid_test_000255_crop.jpg,train,negative,0.9008,classification_dataset\train\no\covid_test_000255_crop.jpg
dataset_labeled\train\images\covid_test_000256.jpg,,train,no_detection,,
dataset_labeled\train\images\covid_test_000257.jpg,cropped_tests\images\covid_test_000257_crop.jpg,train,positive,0.8325,classification_dataset\train\yes\covid_test_000257_crop.jpg
dataset_labeled\train\images\covid_test_000258.jpg,cropped_tests\images\covid_test_000258_crop.jpg,train,skipped,0.8324,
dataset_labeled\train\images\covid_test_000259.jpg,,train,no_detection,,
dataset_labeled\train\images\covid_test_000260.jpg,cropped_tests\images\covid_test_000260_crop.jpg,train,positive,0.9171,classification_dataset\train\yes\covid_test_000260_crop.jpg
dataset_labeled\train\images\covid_test_000262.jpg,cropped_tests\images\covid_test_000262_crop.jpg,train,skipped,0.7417,
dataset_labeled\train\images\covid_test_000265.jpg,cropped_tests\images\covid_test_000265_crop.jpg,train,positive,0.7859,classification_dataset\train\yes\covid_test_000265_crop.jpg
dataset_labeled\train\images\covid_test_000266.jpg,,train,no_detection,,
dataset_labeled\train\images\covid_test_000267.jpg,cropped_tests\images\covid_test_000267_crop.jpg,train,negative,0.7688,classification_dataset\train\no\covid_test_000267_crop.jpg
dataset_labeled\train\images\covid_test_000268.jpg,cropped_tests\images\covid_test_000268_crop.jpg,train,negative,0.8609,classification_dataset\train\no\covid_test_000268_crop.jpg
dataset_labeled\train\images\covid_test_000270.jpg,cropped_tests\images\covid_test_000270_crop.jpg,train,negative,0.9178,classification_dataset\train\no\covid_test_000270_crop.jpg
dataset_labeled\train\images\covid_test_000271.jpg,,train,no_detection,,
dataset_labeled\train\images\covid_test_000272.jpg,cropped_tests\images\covid_test_000272_crop.jpg,train,positive,0.7541,classification_dataset\train\yes\covid_test_000272_crop.jpg
dataset_labeled\train\images\covid_test_000273.jpg,cropped_tests\images\covid_test_000273_crop.jpg,train,negative,0.8437,classification_dataset\train\no\covid_test_000273_crop.jpg
dataset_labeled\train\images\covid_test_000274.jpg,,train,no_detection,,
dataset_labeled\train\images\covid_test_000275.jpg,,train,no_detection,,
dataset_labeled\train\images\covid_test_000276.jpg,,train,no_detection,,
dataset_labeled\train\images\covid_test_000277.jpg,cropped_tests\images\covid_test_000277_crop.jpg,train,positive,0.8596,classification_dataset\train\yes\covid_test_000277_crop.jpg
dataset_labeled\train\images\covid_test_000282.jpg,,train,no_detection,,
dataset_labeled\train\images\covid_test_000283.jpg,cropped_tests\images\covid_test_000283_crop.jpg,train,positive,0.9530,classification_dataset\train\yes\covid_test_000283_crop.jpg
dataset_labeled\train\images\covid_test_000285.jpg,,train,no_detection,,
dataset_labeled\train\images\covid_test_000286.jpg,,train,no_detection,,
dataset_labeled\train\images\covid_test_000288.jpg,cropped_tests\images\covid_test_000288_crop.jpg,train,positive,0.8490,classification_dataset\train\yes\covid_test_000288_crop.jpg
dataset_labeled\train\images\covid_test_000289.jpg,cropped_tests\images\covid_test_000289_crop.jpg,train,positive,0.6736,classification_dataset\train\yes\covid_test_000289_crop.jpg
dataset_labeled\train\images\covid_test_000290.jpg,,train,no_detection,,
dataset_labeled\train\images\covid_test_000292.jpg,cropped_tests\images\covid_test_000292_crop.jpg,train,negative,0.8622,classification_dataset\train\no\covid_test_000292_crop.jpg
dataset_labeled\train\images\covid_test_000293.jpg,cropped_tests\images\covid_test_000293_crop.jpg,train,skipped,0.1055,
dataset_labeled\train\images\covid_test_000294.jpg,cropped_tests\images\covid_test_000294_crop.jpg,train,positive,0.8744,classification_dataset\train\yes\covid_test_000294_crop.jpg
dataset_labeled\train\images\covid_test_000295.jpg,cropped_tests\images\covid_test_000295_crop.jpg,train,negative,0.4666,classification_dataset\train\no\covid_test_000295_crop.jpg
dataset_labeled\train\images\covid_test_000296.jpg,cropped_tests\images\covid_test_000296_crop.jpg,train,negative,0.7844,classification_dataset\train\no\covid_test_000296_crop.jpg
dataset_labeled\train\images\covid_test_000297.jpg,cropped_tests\images\covid_test_000297_crop.jpg,train,positive,0.2194,classification_dataset\train\yes\covid_test_000297_crop.jpg
dataset_labeled\train\images\covid_test_000298.jpg,cropped_tests\images\covid_test_000298_crop.jpg,train,negative,0.8472,classification_dataset\train\no\covid_test_000298_crop.jpg
dataset_labeled\train\images\covid_test_000299.jpg,,train,no_detection,,
dataset_labeled\train\images\covid_test_000300.jpg,cropped_tests\images\covid_test_000300_crop.jpg,train,positive,0.8947,classification_dataset\train\yes\covid_test_000300_crop.jpg
dataset_labeled\train\images\covid_test_000301.jpg,cropped_tests\images\covid_test_000301_crop.jpg,train,negative,0.7778,classification_dataset\train\no\covid_test_000301_crop.jpg
dataset_labeled\train\images\covid_test_000302.jpg,,train,no_detection,,
dataset_labeled\train\images\covid_test_000303.jpg,cropped_tests\images\covid_test_000303_crop.jpg,train,negative,0.8204,classification_dataset\train\no\covid_test_000303_crop.jpg
dataset_labeled\train\images\covid_test_000304.jpg,,train,no_detection,,
dataset_labeled\train\images\covid_test_000306.jpg,cropped_tests\images\covid_test_000306_crop.jpg,train,negative,0.8749,classification_dataset\train\no\covid_test_000306_crop.jpg
dataset_labeled\train\images\covid_test_000307.jpg,cropped_tests\images\covid_test_000307_crop.jpg,train,negative,0.7461,classification_dataset\train\no\covid_test_000307_crop.jpg
dataset_labeled\train\images\covid_test_000308.jpg,cropped_tests\images\covid_test_000308_crop.jpg,train,skipped,0.8488,
dataset_labeled\train\images\covid_test_000309.jpg,,train,no_detection,,
dataset_labeled\train\images\covid_test_000310.jpg,,train,no_detection,,
dataset_labeled\train\images\covid_test_000311.jpg,cropped_tests\images\covid_test_000311_crop.jpg,train,negative,0.7250,classification_dataset\train\no\covid_test_000311_crop.jpg
dataset_labeled\train\images\covid_test_000314.jpg,,train,no_detection,,
dataset_labeled\train\images\covid_test_000315.jpg,cropped_tests\images\covid_test_000315_crop.jpg,train,positive,0.7979,classification_dataset\train\yes\covid_test_000315_crop.jpg
dataset_labeled\train\images\covid_test_000316.jpg,cropped_tests\images\covid_test_000316_crop.jpg,train,skipped,0.8719,
dataset_labeled\train\images\covid_test_000319.jpg,cropped_tests\images\covid_test_000319_crop.jpg,train,positive,0.7805,classification_dataset\train\yes\covid_test_000319_crop.jpg
dataset_labeled\train\images\covid_test_000320.jpg,cropped_tests\images\covid_test_000320_crop.jpg,train,positive,0.8999,classification_dataset\train\yes\covid_test_000320_crop.jpg
dataset_labeled\train\images\covid_test_000321.jpg,cropped_tests\images\covid_test_000321_crop.jpg,train,positive,0.6849,classification_dataset\train\yes\covid_test_000321_crop.jpg
dataset_labeled\train\images\covid_test_000323.jpg,cropped_tests\images\covid_test_000323_crop.jpg,train,positive,0.8218,classification_dataset\train\yes\covid_test_000323_crop.jpg
dataset_labeled\train\images\covid_test_000326.jpg,cropped_tests\images\covid_test_000326_crop.jpg,train,positive,0.8263,classification_dataset\train\yes\covid_test_000326_crop.jpg
dataset_labeled\train\images\covid_test_000327.jpg,,train,no_detection,,
dataset_labeled\train\images\covid_test_000328.jpg,cropped_tests\images\covid_test_000328_crop.jpg,train,skipped,0.9126,
dataset_labeled\train\images\covid_test_000329.jpg,cropped_tests\images\covid_test_000329_crop.jpg,train,negative,0.7749,classification_dataset\train\no\covid_test_000329_crop.jpg
dataset_labeled\train\images\covid_test_000330.jpg,cropped_tests\images\covid_test_000330_crop.jpg,train,skipped,0.8637,
dataset_labeled\train\images\covid_test_000331.jpg,,train,no_detection,,
dataset_labeled\train\images\covid_test_000332.jpg,cropped_tests\images\covid_test_000332_crop.jpg,train,negative,0.8070,classification_dataset\train\no\covid_test_000332_crop.jpg
dataset_labeled\train\images\covid_test_000333.jpg,cropped_tests\images\covid_test_000333_crop.jpg,train,negative,0.8783,classification_dataset\train\no\covid_test_000333_crop.jpg
dataset_labeled\train\images\covid_test_000338.jpg,cropped_tests\images\covid_test_000338_crop.jpg,train,positive,0.7964,classification_dataset\train\yes\covid_test_000338_crop.jpg
dataset_labeled\train\images\covid_test_000339.jpg,cropped_tests\images\covid_test_000339_crop.jpg,train,negative,0.9321,classification_dataset\train\no\covid_test_000339_crop.jpg
dataset_labeled\train\images\covid_test_000340.jpg,,train,no_detection,,
dataset_labeled\train\images\covid_test_000341.jpg,cropped_tests\images\covid_test_000341_crop.jpg,train,positive,0.8407,classification_dataset\train\yes\covid_test_000341_crop.jpg
dataset_labeled\train\images\covid_test_000344.jpg,cropped_tests\images\covid_test_000344_crop.jpg,train,positive,0.7538,classification_dataset\train\yes\covid_test_000344_crop.jpg
dataset_labeled\train\images\covid_test_000345.jpg,cropped_tests\images\covid_test_000345_crop.jpg,train,positive,0.8739,classification_dataset\train\yes\covid_test_000345_crop.jpg
dataset_labeled\train\images\covid_test_000347.jpg,cropped_tests\images\covid_test_000347_crop.jpg,train,negative,0.7251,classification_dataset\train\no\covid_test_000347_crop.jpg
dataset_labeled\train\images\covid_test_000349.jpg,cropped_tests\images\covid_test_000349_crop.jpg,train,negative,0.8110,classification_dataset\train\no\covid_test_000349_crop.jpg
dataset_labeled\train\images\covid_test_000350.jpg,,train,no_detection,,
dataset_labeled\train\images\covid_test_000351.jpg,,train,no_detection,,
dataset_labeled\train\images\covid_test_000354.jpg,cropped_tests\images\covid_test_000354_crop.jpg,train,negative,0.9067,classification_dataset\train\no\covid_test_000354_crop.jpg
dataset_labeled\train\images\covid_test_000355.jpg,cropped_tests\images\covid_test_000355_crop.jpg,train,negative,0.8518,classification_dataset\train\no\covid_test_000355_crop.jpg
dataset_labeled\train\images\covid_test_000356.jpg,cropped_tests\images\covid_test_000356_crop.jpg,train,negative,0.8650,classification_dataset\train\no\covid_test_000356_crop.jpg
dataset_labeled\train\images\covid_test_000358.jpg,cropped_tests\images\covid_test_000358_crop.jpg,train,invalid,0.8626,classification_dataset\train\invalid\covid_test_000358_crop.jpg
dataset_labeled\train\images\covid_test_000359.jpg,cropped_tests\images\covid_test_000359_crop.jpg,train,negative,0.9244,classification_dataset\train\no\covid_test_000359_crop.jpg
dataset_labeled\train\images\covid_test_000360.jpg,cropped_tests\images\covid_test_000360_crop.jpg,train,skipped,0.8834,
dataset_labeled\train\images\covid_test_000361.jpg,cropped_tests\images\covid_test_000361_crop.jpg,train,negative,0.8726,classification_dataset\train\no\covid_test_000361_crop.jpg
dataset_labeled\train\images\covid_test_000365.jpg,cropped_tests\images\covid_test_000365_crop.jpg,train,positive,0.8141,classification_dataset\train\yes\covid_test_000365_crop.jpg
dataset_labeled\train\images\covid_test_000366.jpg,,train,no_detection,,
dataset_labeled\train\images\covid_test_000367.jpg,,train,no_detection,,
dataset_labeled\train\images\covid_test_000368.jpg,cropped_tests\images\covid_test_000368_crop.jpg,train,negative,0.4155,classification_dataset\train\no\covid_test_000368_crop.jpg
dataset_labeled\train\images\covid_test_000369.jpg,cropped_tests\images\covid_test_000369_crop.jpg,train,negative,0.7421,classification_dataset\train\no\covid_test_000369_crop.jpg
dataset_labeled\train\images\covid_test_000373.jpg,,train,no_detection,,
dataset_labeled\train\images\covid_test_000374.jpg,,train,no_detection,,
dataset_labeled\train\images\covid_test_000376.jpg,,train,no_detection,,
dataset_labeled\train\images\covid_test_000377.jpg,cropped_tests\images\covid_test_000377_crop.jpg,train,negative,0.8830,classification_dataset\train\no\covid_test_000377_crop.jpg
dataset_labeled\train\images\covid_test_000379.jpg,cropped_tests\images\covid_test_000379_crop.jpg,train,positive,0.8860,classification_dataset\train\yes\covid_test_000379_crop.jpg
dataset_labeled\train\images\covid_test_000383.jpg,cropped_tests\images\covid_test_000383_crop.jpg,train,positive,0.7058,classification_dataset\train\yes\covid_test_000383_crop.jpg
dataset_labeled\train\images\covid_test_000384.jpg,cropped_tests\images\covid_test_000384_crop.jpg,train,negative,0.8103,classification_dataset\train\no\covid_test_000384_crop.jpg
dataset_labeled\train\images\covid_test_000386.jpg,cropped_tests\images\covid_test_000386_crop.jpg,train,positive,0.8443,classification_dataset\train\yes\covid_test_000386_crop.jpg
dataset_labeled\train\images\covid_test_000387.jpg,cropped_tests\images\covid_test_000387_crop.jpg,train,negative,0.8379,classification_dataset\train\no\covid_test_000387_crop.jpg
dataset_labeled\train\images\covid_test_000388.jpg,cropped_tests\images\covid_test_000388_crop.jpg,train,positive,0.8479,classification_dataset\train\yes\covid_test_000388_crop.jpg
dataset_labeled\train\images\covid_test_000390.jpg,cropped_tests\images\covid_test_000390_crop.jpg,train,skipped,0.2391,
dataset_labeled\train\images\covid_test_000393.jpg,,train,no_detection,,
dataset_labeled\train\images\covid_test_000394.jpg,cropped_tests\images\covid_test_000394_crop.jpg,train,negative,0.7283,classification_dataset\train\no\covid_test_000394_crop.jpg
dataset_labeled\train\images\covid_test_000396.jpg,cropped_tests\images\covid_test_000396_crop.jpg,train,skipped,0.8267,
dataset_labeled\train\images\covid_test_000397.jpg,cropped_tests\images\covid_test_000397_crop.jpg,train,negative,0.8361,classification_dataset\train\no\covid_test_000397_crop.jpg
dataset_labeled\train\images\covid_test_000399.jpg,cropped_tests\images\covid_test_000399_crop.jpg,train,positive,0.4384,classification_dataset\train\yes\covid_test_000399_crop.jpg
dataset_labeled\train\images\covid_test_000400.jpg,cropped_tests\images\covid_test_000400_crop.jpg,train,negative,0.8384,classification_dataset\train\no\covid_test_000400_crop.jpg
dataset_labeled\train\images\covid_test_000401.jpg,,train,no_detection,,
dataset_labeled\train\images\covid_test_000402.jpg,cropped_tests\images\covid_test_000402_crop.jpg,train,negative,0.7711,classification_dataset\train\no\covid_test_000402_crop.jpg
dataset_labeled\train\images\covid_test_000403.jpg,cropped_tests\images\covid_test_000403_crop.jpg,train,negative,0.8256,classification_dataset\train\no\covid_test_000403_crop.jpg
dataset_labeled\train\images\covid_test_000405.jpg,,train,no_detection,,
dataset_labeled\train\images\covid_test_000406.jpg,cropped_tests\images\covid_test_000406_crop.jpg,train,positive,0.9016,classification_dataset\train\yes\covid_test_000406_crop.jpg
dataset_labeled\train\images\covid_test_000408.jpg,,train,no_detection,,
dataset_labeled\train\images\covid_test_000412.jpg,cropped_tests\images\covid_test_000412_crop.jpg,train,skipped,0.8567,
dataset_labeled\train\images\covid_test_000414.jpg,,train,no_detection,,
dataset_labeled\train\images\covid_test_000417.jpg,cropped_tests\images\covid_test_000417_crop.jpg,train,skipped,0.8912,
dataset_labeled\train\images\covid_test_000418.jpg,,train,no_detection,,
dataset_labeled\train\images\covid_test_000419.jpg,cropped_tests\images\covid_test_000419_crop.jpg,train,negative,0.8645,classification_dataset\train\no\covid_test_000419_crop.jpg
dataset_labeled\train\images\covid_test_000420.jpg,cropped_tests\images\covid_test_000420_crop.jpg,train,positive,0.9041,classification_dataset\train\yes\covid_test_000420_crop.jpg
dataset_labeled\train\images\covid_test_000421.jpg,cropped_tests\images\covid_test_000421_crop.jpg,train,negative,0.1400,classification_dataset\train\no\covid_test_000421_crop.jpg
dataset_labeled\train\images\covid_test_000422.jpg,cropped_tests\images\covid_test_000422_crop.jpg,train,negative,0.8734,classification_dataset\train\no\covid_test_000422_crop.jpg
dataset_labeled\train\images\covid_test_000423.jpg,cropped_tests\images\covid_test_000423_crop.jpg,train,skipped,0.8719,
dataset_labeled\train\images\covid_test_000424.jpg,cropped_tests\images\covid_test_000424_crop.jpg,train,positive,0.8460,classification_dataset\train\yes\covid_test_000424_crop.jpg
dataset_labeled\train\images\covid_test_000426.jpg,,train,no_detection,,
dataset_labeled\train\images\covid_test_000427.jpg,cropped_tests\images\covid_test_000427_crop.jpg,train,skipped,0.8732,
dataset_labeled\train\images\covid_test_000428.jpg,cropped_tests\images\covid_test_000428_crop.jpg,train,negative,0.8636,classification_dataset\train\no\covid_test_000428_crop.jpg
dataset_labeled\train\images\covid_test_000430.jpg,cropped_tests\images\covid_test_000430_crop.jpg,train,skipped,0.7839,
dataset_labeled\train\images\covid_test_000431.jpg,cropped_tests\images\covid_test_000431_crop.jpg,train,negative,0.7778,classification_dataset\train\no\covid_test_000431_crop.jpg
dataset_labeled\train\images\covid_test_000433.jpg,cropped_tests\images\covid_test_000433_crop.jpg,train,skipped,0.4214,
dataset_labeled\train\images\covid_test_000434.jpg,cropped_tests\images\covid_test_000434_crop.jpg,train,negative,0.8208,classification_dataset\train\no\covid_test_000434_crop.jpg
dataset_labeled\train\images\covid_test_000435.jpg,,train,no_detection,,
dataset_labeled\train\images\covid_test_000436.jpg,cropped_tests\images\covid_test_000436_crop.jpg,train,negative,0.9033,classification_dataset\train\no\covid_test_000436_crop.jpg
dataset_labeled\train\images\covid_test_000438.jpg,cropped_tests\images\covid_test_000438_crop.jpg,train,negative,0.9147,classification_dataset\train\no\covid_test_000438_crop.jpg
dataset_labeled\train\images\covid_test_000440.jpg,,train,no_detection,,
dataset_labeled\train\images\covid_test_000442.jpg,cropped_tests\images\covid_test_000442_crop.jpg,train,negative,0.4738,classification_dataset\train\no\covid_test_000442_crop.jpg
dataset_labeled\train\images\covid_test_000444.jpg,cropped_tests\images\covid_test_000444_crop.jpg,train,negative,0.9380,classification_dataset\train\no\covid_test_000444_crop.jpg
dataset_labeled\train\images\covid_test_000446.jpg,,train,no_detection,,
dataset_labeled\train\images\covid_test_000447.jpg,cropped_tests\images\covid_test_000447_crop.jpg,train,skipped,0.6489,
dataset_labeled\train\images\covid_test_000448.jpg,,train,no_detection,,
dataset_labeled\train\images\covid_test_000449.jpg,cropped_tests\images\covid_test_000449_crop.jpg,train,negative,0.6667,classification_dataset\train\no\covid_test_000449_crop.jpg
dataset_labeled\train\images\covid_test_000450.jpg,,train,no_detection,,
dataset_labeled\train\images\covid_test_000455.jpg,cropped_tests\images\covid_test_000455_crop.jpg,train,positive,0.9022,classification_dataset\train\yes\covid_test_000455_crop.jpg
dataset_labeled\train\images\covid_test_000457.jpg,cropped_tests\images\covid_test_000457_crop.jpg,train,positive,0.9135,classification_dataset\train\yes\covid_test_000457_crop.jpg
dataset_labeled\train\images\covid_test_000458.jpg,cropped_tests\images\covid_test_000458_crop.jpg,train,negative,0.7992,classification_dataset\train\no\covid_test_000458_crop.jpg
dataset_labeled\train\images\covid_test_000459.jpg,cropped_tests\images\covid_test_000459_crop.jpg,train,positive,0.8095,classification_dataset\train\yes\covid_test_000459_crop.jpg
dataset_labeled\train\images\covid_test_000461.jpg,,train,no_detection,,
dataset_labeled\train\images\covid_test_000463.jpg,cropped_tests\images\covid_test_000463_crop.jpg,train,negative,0.8874,classification_dataset\train\no\covid_test_000463_crop.jpg
dataset_labeled\train\images\covid_test_000464.jpg,,train,no_detection,,
dataset_labeled\train\images\covid_test_000465.jpg,,train,no_detection,,
dataset_labeled\train\images\covid_test_000467.jpg,cropped_tests\images\covid_test_000467_crop.jpg,train,positive,0.8251,classification_dataset\train\yes\covid_test_000467_crop.jpg
dataset_labeled\train\images\covid_test_000469.jpg,cropped_tests\images\covid_test_000469_crop.jpg,train,skipped,0.7841,
dataset_labeled\train\images\covid_test_000471.jpg,,train,no_detection,,
dataset_labeled\train\images\covid_test_000474.jpg,cropped_tests\images\covid_test_000474_crop.jpg,train,positive,0.8315,classification_dataset\train\yes\covid_test_000474_crop.jpg
dataset_labeled\train\images\covid_test_000475.jpg,,train,no_detection,,
dataset_labeled\train\images\covid_test_000479.jpg,cropped_tests\images\covid_test_000479_crop.jpg,train,positive,0.2619,classification_dataset\train\yes\covid_test_000479_crop.jpg
dataset_labeled\train\images\covid_test_000480.jpg,cropped_tests\images\covid_test_000480_crop.jpg,train,skipped,0.1273,
dataset_labeled\train\images\covid_test_000483.jpg,cropped_tests\images\covid_test_000483_crop.jpg,train,skipped,0.7296,
dataset_labeled\train\images\covid_test_000487.jpg,,train,no_detection,,
dataset_labeled\train\images\covid_test_000488.jpg,cropped_tests\images\covid_test_000488_crop.jpg,train,negative,0.9130,classification_dataset\train\no\covid_test_000488_crop.jpg
dataset_labeled\train\images\covid_test_000489.jpg,,train,no_detection,,
dataset_labeled\train\images\covid_test_000490.jpg,cropped_tests\images\covid_test_000490_crop.jpg,train,negative,0.8579,classification_dataset\train\no\covid_test_000490_crop.jpg
dataset_labeled\train\images\covid_test_000493.jpg,,train,no_detection,,
dataset_labeled\train\images\covid_test_000497.jpg,cropped_tests\images\covid_test_000497_crop.jpg,train,positive,0.6931,classification_dataset\train\yes\covid_test_000497_crop.jpg
dataset_labeled\train\images\covid_test_000499.jpg,cropped_tests\images\covid_test_000499_crop.jpg,train,negative,0.8351,classification_dataset\train\no\covid_test_000499_crop.jpg
dataset_labeled\train\images\covid_test_000500.jpg,cropped_tests\images\covid_test_000500_crop.jpg,train,positive,0.8156,classification_dataset\train\yes\covid_test_000500_crop.jpg
extra_unlabeled_covid_test_lines_v2\train\images\covid_test_000001.jpg,,train,no_detection,,
extra_unlabeled_covid_test_lines_v2\train\images\covid_test_000002.jpg,,train,no_detection,,
extra_unlabeled_covid_test_lines_v2\train\images\covid_test_000003.jpg,,train,no_detection,,
extra_unlabeled_covid_test_lines_v2\train\images\covid_test_000004.jpg,,train,no_detection,,
extra_unlabeled_covid_test_lines_v2\train\images\covid_test_000005.jpg,cropped_tests\images\covid_test_000005_crop.jpg,train,skipped,0.6666,
extra_unlabeled_covid_test_lines_v2\train\images\covid_test_000006.jpg,,train,no_detection,,
extra_unlabeled_covid_test_lines_v2\train\images\covid_test_000008.jpg,,train,no_detection,,
extra_unlabeled_covid_test_lines_v2\train\images\covid_test_000009.jpg,,train,no_detection,,
extra_unlabeled_covid_test_lines_v2\train\images\covid_test_000012.jpg,cropped_tests\images\covid_test_000012_crop.jpg,train,positive,0.4698,classification_dataset\train\yes\covid_test_000012_crop.jpg
extra_unlabeled_covid_test_lines_v2\train\images\covid_test_000013.jpg,cropped_tests\images\covid_test_000013_crop.jpg,train,skipped,0.5106,
extra_unlabeled_covid_test_lines_v2\train\images\covid_test_000014.jpg,cropped_tests\images\covid_test_000014_crop_0001.jpg,train,positive,0.2351,classification_dataset\train\yes\covid_test_000014_crop_0001.jpg
extra_unlabeled_covid_test_lines_v2\train\images\covid_test_000015.jpg,cropped_tests\images\covid_test_000015_crop_0001.jpg,train,skipped,0.4758,
extra_unlabeled_covid_test_lines_v2\train\images\covid_test_000018.jpg,cropped_tests\images\covid_test_000018_crop.jpg,train,positive,0.1684,classification_dataset\train\yes\covid_test_000018_crop.jpg
extra_unlabeled_covid_test_lines_v2\train\images\covid_test_000021.jpg,cropped_tests\images\covid_test_000021_crop_0001.jpg,train,skipped,0.5742,
extra_unlabeled_covid_test_lines_v2\train\images\covid_test_000022.jpg,,train,no_detection,,
extra_unlabeled_covid_test_lines_v2\train\images\covid_test_000023.jpg,,train,no_detection,,
extra_unlabeled_covid_test_lines_v2\train\images\covid_test_000024.jpg,cropped_tests\images\covid_test_000024_crop.jpg,train,skipped,0.4448,
extra_unlabeled_covid_test_lines_v2\train\images\covid_test_000027.jpg,,train,no_detection,,
extra_unlabeled_covid_test_lines_v2\train\images\covid_test_000028.jpg,cropped_tests\images\covid_test_000028_crop_0001.jpg,train,skipped,0.2158,
extra_unlabeled_covid_test_lines_v2\train\images\covid_test_000029.jpg,cropped_tests\images\covid_test_000029_crop.jpg,train,negative,0.5768,classification_dataset\train\no\covid_test_000029_crop.jpg
extra_unlabeled_covid_test_lines_v2\train\images\covid_test_000030.jpg,,train,no_detection,,
extra_unlabeled_covid_test_lines_v2\train\images\covid_test_000032.jpg,cropped_tests\images\covid_test_000032_crop.jpg,train,skipped,0.2549,
extra_unlabeled_covid_test_lines_v2\train\images\covid_test_000033.jpg,cropped_tests\images\covid_test_000033_crop_0001.jpg,train,skipped,0.1173,
extra_unlabeled_covid_test_lines_v2\train\images\covid_test_000035.jpg,,train,no_detection,,
extra_unlabeled_covid_test_lines_v2\train\images\covid_test_000036.jpg,cropped_tests\images\covid_test_000036_crop.jpg,train,positive,0.6260,classification_dataset\train\yes\covid_test_000036_crop.jpg
extra_unlabeled_covid_test_lines_v2\train\images\covid_test_000037.jpg,cropped_tests\images\covid_test_000037_crop.jpg,train,skipped,0.3026,
extra_unlabeled_covid_test_lines_v2\train\images\covid_test_000038.jpg,cropped_tests\images\covid_test_000038_crop_0001.jpg,train,invalid,0.1675,classification_dataset\train\invalid\covid_test_000038_crop_0001.jpg
extra_unlabeled_covid_test_lines_v2\train\images\covid_test_000040.jpg,,train,no_detection,,
extra_unlabeled_covid_test_lines_v2\train\images\covid_test_000041.jpg,,train,no_detection,,
extra_unlabeled_covid_test_lines_v2\train\images\covid_test_000042.jpg,cropped_tests\images\covid_test_000042_crop_0001.jpg,train,positive,0.1451,classification_dataset\train\yes\covid_test_000042_crop_0001.jpg
extra_unlabeled_covid_test_lines_v2\train\images\covid_test_000043.jpg,cropped_tests\images\covid_test_000043_crop_0001.jpg,train,negative,0.3964,classification_dataset\train\no\covid_test_000043_crop_0001.jpg
extra_unlabeled_covid_test_lines_v2\train\images\covid_test_000044.jpg,,train,no_detection,,
extra_unlabeled_covid_test_lines_v2\train\images\covid_test_000045.jpg,cropped_tests\images\covid_test_000045_crop_0001.jpg,train,skipped,0.2933,
extra_unlabeled_covid_test_lines_v2\train\images\covid_test_000047.jpg,cropped_tests\images\covid_test_000047_crop.jpg,train,skipped,0.1756,
extra_unlabeled_covid_test_lines_v2\train\images\covid_test_000048.jpg,,train,no_detection,,
extra_unlabeled_covid_test_lines_v2\train\images\covid_test_000049.jpg,cropped_tests\images\covid_test_000049_crop_0001.jpg,train,skipped,0.4925,
extra_unlabeled_covid_test_lines_v2\train\images\covid_test_000050.jpg,cropped_tests\images\covid_test_000050_crop.jpg,train,negative,0.8312,classification_dataset\train\no\covid_test_000050_crop.jpg
extra_unlabeled_covid_test_lines_v2\train\images\covid_test_000051.jpg,,train,no_detection,,
extra_unlabeled_covid_test_lines_v2\train\images\covid_test_000052.jpg,cropped_tests\images\covid_test_000052_crop.jpg,train,skipped,0.3659,
extra_unlabeled_covid_test_lines_v2\train\images\covid_test_000053.jpg,cropped_tests\images\covid_test_000053_crop.jpg,train,negative,0.3409,classification_dataset\train\no\covid_test_000053_crop.jpg
extra_unlabeled_covid_test_lines_v2\train\images\covid_test_000054.jpg,,train,no_detection,,
extra_unlabeled_covid_test_lines_v2\train\images\covid_test_000055.jpg,cropped_tests\images\covid_test_000055_crop_0001.jpg,train,skipped,0.1640,
extra_unlabeled_covid_test_lines_v2\train\images\covid_test_000056.jpg,,train,no_detection,,
extra_unlabeled_covid_test_lines_v2\train\images\covid_test_000057.jpg,,train,no_detection,,
extra_unlabeled_covid_test_lines_v2\train\images\covid_test_000058.jpg,cropped_tests\images\covid_test_000058_crop.jpg,train,positive,0.5363,classification_dataset\train\yes\covid_test_000058_crop.jpg
extra_unlabeled_covid_test_lines_v2\train\images\covid_test_000059.jpg,,train,no_detection,,
extra_unlabeled_covid_test_lines_v2\train\images\covid_test_000060.jpg,,train,no_detection,,
extra_unlabeled_covid_test_lines_v2\train\images\covid_test_000062.jpg,cropped_tests\images\covid_test_000062_crop.jpg,train,invalid,0.1386,classification_dataset\train\invalid\covid_test_000062_crop.jpg
extra_unlabeled_covid_test_lines_v2\train\images\covid_test_000063.jpg,,train,no_detection,,
extra_unlabeled_covid_test_lines_v2\train\images\covid_test_000064.jpg,cropped_tests\images\covid_test_000064_crop.jpg,train,skipped,0.2065,
extra_unlabeled_covid_test_lines_v2\train\images\covid_test_000065.jpg,cropped_tests\images\covid_test_000065_crop.jpg,train,skipped,0.6991,
extra_unlabeled_covid_test_lines_v2\train\images\covid_test_000066.jpg,cropped_tests\images\covid_test_000066_crop.jpg,train,skipped,0.2732,
extra_unlabeled_covid_test_lines_v2\train\images\covid_test_000070.jpg,cropped_tests\images\covid_test_000070_crop.jpg,train,positive,0.2119,classification_dataset\train\yes\covid_test_000070_crop.jpg
extra_unlabeled_covid_test_lines_v2\train\images\covid_test_000071.jpg,cropped_tests\images\covid_test_000071_crop.jpg,train,invalid,0.7182,classification_dataset\train\invalid\covid_test_000071_crop.jpg
extra_unlabeled_covid_test_lines_v2\train\images\covid_test_000072.jpg,,train,no_detection,,
extra_unlabeled_covid_test_lines_v2\train\images\covid_test_000073.jpg,cropped_tests\images\covid_test_000073_crop.jpg,train,skipped,0.1022,
extra_unlabeled_covid_test_lines_v2\train\images\covid_test_000074.jpg,cropped_tests\images\covid_test_000074_crop.jpg,train,positive,0.2884,classification_dataset\train\yes\covid_test_000074_crop.jpg
extra_unlabeled_covid_test_lines_v2\train\images\covid_test_000075.jpg,cropped_tests\images\covid_test_000075_crop.jpg,train,skipped,0.6634,
extra_unlabeled_covid_test_lines_v2\train\images\covid_test_000076.jpg,cropped_tests\images\covid_test_000076_crop.jpg,train,skipped,0.1779,
extra_unlabeled_covid_test_lines_v2\train\images\covid_test_000077.jpg,cropped_tests\images\covid_test_000077_crop.jpg,train,skipped,0.4746,
extra_unlabeled_covid_test_lines_v2\train\images\covid_test_000078.jpg,cropped_tests\images\covid_test_000078_crop.jpg,train,invalid,0.4976,classification_dataset\train\invalid\covid_test_000078_crop.jpg
extra_unlabeled_covid_test_lines_v2\train\images\covid_test_000079.jpg,cropped_tests\images\covid_test_000079_crop.jpg,train,skipped,0.1477,
extra_unlabeled_covid_test_lines_v2\train\images\covid_test_000080.jpg,cropped_tests\images\covid_test_000080_crop.jpg,train,skipped,0.4235,
extra_unlabeled_covid_test_lines_v2\train\images\covid_test_000081.jpg,,train,no_detection,,
extra_unlabeled_covid_test_lines_v2\train\images\covid_test_000082.jpg,cropped_tests\images\covid_test_000082_crop.jpg,train,skipped,0.3085,
extra_unlabeled_covid_test_lines_v2\train\images\covid_test_000084.jpg,cropped_tests\images\covid_test_000084_crop_0001.jpg,train,invalid,0.3534,classification_dataset\train\invalid\covid_test_000084_crop_0001.jpg
extra_unlabeled_covid_test_lines_v2\train\images\covid_test_000085.jpg,,train,no_detection,,
extra_unlabeled_covid_test_lines_v2\train\images\covid_test_000086.jpg,,train,no_detection,,
extra_unlabeled_covid_test_lines_v2\train\images\covid_test_000088.jpg,,train,no_detection,,
extra_unlabeled_covid_test_lines_v2\train\images\covid_test_000089.jpg,cropped_tests\images\covid_test_000089_crop_0001.jpg,train,skipped,0.1327,
extra_unlabeled_covid_test_lines_v2\train\images\covid_test_000090.jpg,cropped_tests\images\covid_test_000090_crop.jpg,train,positive,0.2887,classification_dataset\train\yes\covid_test_000090_crop.jpg
extra_unlabeled_covid_test_lines_v2\train\images\covid_test_000091.jpg,cropped_tests\images\covid_test_000091_crop.jpg,train,skipped,0.4634,
extra_unlabeled_covid_test_lines_v2\train\images\covid_test_000092.jpg,cropped_tests\images\covid_test_000092_crop_0001.jpg,train,skipped,0.3919,
extra_unlabeled_covid_test_lines_v2\train\images\covid_test_000093.jpg,,train,no_detection,,
extra_unlabeled_covid_test_lines_v2\train\images\covid_test_000094.jpg,,train,no_detection,,
extra_unlabeled_covid_test_lines_v2\train\images\covid_test_000095.jpg,,train,no_detection,,
extra_unlabeled_covid_test_lines_v2\train\images\covid_test_000096.jpg,cropped_tests\images\covid_test_000096_crop_0001.jpg,train,negative,0.1322,classification_dataset\train\no\covid_test_000096_crop_0001.jpg
extra_unlabeled_covid_test_lines_v2\train\images\covid_test_000098.jpg,,train,no_detection,,
extra_unlabeled_covid_test_lines_v2\train\images\covid_test_000099.jpg,,train,no_detection,,
extra_unlabeled_covid_test_lines_v2\train\images\covid_test_000100.jpg,cropped_tests\images\covid_test_000100_crop.jpg,train,skipped,0.3066,
extra_unlabeled_covid_test_lines_v2\train\images\covid_test_000101.jpg,cropped_tests\images\covid_test_000101_crop.jpg,train,positive,0.3879,classification_dataset\train\yes\covid_test_000101_crop.jpg
extra_unlabeled_covid_test_lines_v2\train\images\covid_test_000103.jpg,,train,no_detection,,
extra_unlabeled_covid_test_lines_v2\train\images\covid_test_000104.jpg,cropped_tests\images\covid_test_000104_crop_0001.jpg,train,positive,0.1644,classification_dataset\train\yes\covid_test_000104_crop_0001.jpg
extra_unlabeled_covid_test_lines_v2\train\images\covid_test_000105.jpg,cropped_tests\images\covid_test_000105_crop.jpg,train,negative,0.2046,classification_dataset\train\no\covid_test_000105_crop.jpg
extra_unlabeled_covid_test_lines_v2\train\images\covid_test_000106.jpg,,train,no_detection,,
extra_unlabeled_covid_test_lines_v2\train\images\covid_test_000107.jpg,cropped_tests\images\covid_test_000107_crop.jpg,train,skipped,0.6563,
extra_unlabeled_covid_test_lines_v2\train\images\covid_test_000108.jpg,cropped_tests\images\covid_test_000108_crop.jpg,train,positive,0.5663,classification_dataset\train\yes\covid_test_000108_crop.jpg
extra_unlabeled_covid_test_lines_v2\train\images\covid_test_000109.jpg,cropped_tests\images\covid_test_000109_crop_0001.jpg,train,negative,0.6929,classification_dataset\train\no\covid_test_000109_crop_0001.jpg
extra_unlabeled_covid_test_lines_v2\train\images\covid_test_000111.jpg,,train,no_detection,,
extra_unlabeled_covid_test_lines_v2\train\images\covid_test_000113.jpg,cropped_tests\images\covid_test_000113_crop_0001.jpg,train,skipped,0.4918,
extra_unlabeled_covid_test_lines_v2\train\images\covid_test_000114.jpg,cropped_tests\images\covid_test_000114_crop.jpg,train,skipped,0.4846,
extra_unlabeled_covid_test_lines_v2\train\images\covid_test_000115.jpg,cropped_tests\images\covid_test_000115_crop.jpg,train,skipped,0.2808,
extra_unlabeled_covid_test_lines_v2\train\images\covid_test_000117.jpg,,train,no_detection,,
extra_unlabeled_covid_test_lines_v2\train\images\covid_test_000119.jpg,,train,no_detection,,
extra_unlabeled_covid_test_lines_v2\train\images\covid_test_000120.jpg,,train,no_detection,,
extra_unlabeled_covid_test_lines_v2\train\images\covid_test_000121.jpg,,train,no_detection,,
extra_unlabeled_covid_test_lines_v2\train\images\covid_test_000122.jpg,,train,no_detection,,
extra_unlabeled_covid_test_lines_v2\train\images\covid_test_000123.jpg,,train,no_detection,,
extra_unlabeled_covid_test_lines_v2\train\images\covid_test_000124.jpg,,train,no_detection,,
extra_unlabeled_covid_test_lines_v2\train\images\covid_test_000127.jpg,cropped_tests\images\covid_test_000127_crop.jpg,train,skipped,0.2339,
extra_unlabeled_covid_test_lines_v2\train\images\covid_test_000128.jpg,cropped_tests\images\covid_test_000128_crop_0001.jpg,train,skipped,0.4114,
extra_unlabeled_covid_test_lines_v2\train\images\covid_test_000129.jpg,cropped_tests\images\covid_test_000129_crop.jpg,train,skipped,0.1072,
extra_unlabeled_covid_test_lines_v2\train\images\covid_test_000130.jpg,,train,no_detection,,
extra_unlabeled_covid_test_lines_v2\train\images\covid_test_000131.jpg,,train,no_detection,,
extra_unlabeled_covid_test_lines_v2\train\images\covid_test_000132.jpg,cropped_tests\images\covid_test_000132_crop.jpg,train,positive,0.1403,classification_dataset\train\yes\covid_test_000132_crop.jpg
extra_unlabeled_covid_test_lines_v2\train\images\covid_test_000134.jpg,cropped_tests\images\covid_test_000134_crop.jpg,train,skipped,0.1603,
extra_unlabeled_covid_test_lines_v2\train\images\covid_test_000135.jpg,cropped_tests\images\covid_test_000135_crop_0001.jpg,train,skipped,0.1622,
extra_unlabeled_covid_test_lines_v2\train\images\covid_test_000136.jpg,cropped_tests\images\covid_test_000136_crop_0001.jpg,train,skipped,0.2150,
extra_unlabeled_covid_test_lines_v2\train\images\covid_test_000137.jpg,cropped_tests\images\covid_test_000137_crop_0001.jpg,train,positive,0.3655,classification_dataset\train\yes\covid_test_000137_crop_0001.jpg
extra_unlabeled_covid_test_lines_v2\train\images\covid_test_000138.jpg,cropped_tests\images\covid_test_000138_crop.jpg,train,positive,0.1642,classification_dataset\train\yes\covid_test_000138_crop.jpg
extra_unlabeled_covid_test_lines_v2\train\images\covid_test_000139.jpg,,train,no_detection,,
extra_unlabeled_covid_test_lines_v2\train\images\covid_test_000140.jpg,,train,no_detection,,
extra_unlabeled_covid_test_lines_v2\train\images\covid_test_000142.jpg,cropped_tests\images\covid_test_000142_crop.jpg,train,skipped,0.2479,
extra_unlabeled_covid_test_lines_v2\train\images\covid_test_000145.jpg,cropped_tests\images\covid_test_000145_crop.jpg,train,skipped,0.3141,
extra_unlabeled_covid_test_lines_v2\train\images\covid_test_000146.jpg,cropped_tests\images\covid_test_000146_crop_0001.jpg,train,skipped,0.1370,
extra_unlabeled_covid_test_lines_v2\train\images\covid_test_000147.jpg,cropped_tests\images\covid_test_000147_crop.jpg,train,skipped,0.2849,
extra_unlabeled_covid_test_lines_v2\train\images\covid_test_000148.jpg,,train,no_detection,,
extra_unlabeled_covid_test_lines_v2\train\images\covid_test_000150.jpg,,train,no_detection,,
extra_unlabeled_covid_test_lines_v2\train\images\covid_test_000151.jpg,cropped_tests\images\covid_test_000151_crop_0001.jpg,train,skipped,0.6405,
extra_unlabeled_covid_test_lines_v2\train\images\covid_test_000152.jpg,,train,no_detection,,
extra_unlabeled_covid_test_lines_v2\train\images\covid_test_000153.jpg,cropped_tests\images\covid_test_000153_crop.jpg,train,skipped,0.4678,
extra_unlabeled_covid_test_lines_v2\train\images\covid_test_000154.jpg,cropped_tests\images\covid_test_000154_crop_0001.jpg,train,skipped,0.3676,
extra_unlabeled_covid_test_lines_v2\train\images\covid_test_000155.jpg,cropped_tests\images\covid_test_000155_crop.jpg,train,skipped,0.6616,
extra_unlabeled_covid_test_lines_v2\train\images\covid_test_000156.jpg,,train,no_detection,,
extra_unlabeled_covid_test_lines_v2\train\images\covid_test_000158.jpg,,train,no_detection,,
extra_unlabeled_covid_test_lines_v2\train\images\covid_test_000159.jpg,,train,no_detection,,
extra_unlabeled_covid_test_lines_v2\train\images\covid_test_000161.jpg,cropped_tests\images\covid_test_000161_crop.jpg,train,skipped,0.3228,
extra_unlabeled_covid_test_lines_v2\train\images\covid_test_000162.jpg,cropped_tests\images\covid_test_000162_crop.jpg,train,skipped,0.6073,
extra_unlabeled_covid_test_lines_v2\train\images\covid_test_000164.jpg,,train,no_detection,,
extra_unlabeled_covid_test_lines_v2\train\images\covid_test_000165.jpg,cropped_tests\images\covid_test_000165_crop_0001.jpg,train,negative,0.5104,classification_dataset\train\no\covid_test_000165_crop_0001.jpg
extra_unlabeled_covid_test_lines_v2\train\images\covid_test_000167.jpg,,train,no_detection,,
extra_unlabeled_covid_test_lines_v2\train\images\covid_test_000168.jpg,,train,no_detection,,
extra_unlabeled_covid_test_lines_v2\train\images\covid_test_000169.jpg,cropped_tests\images\covid_test_000169_crop_0001.jpg,train,skipped,0.3667,
extra_unlabeled_covid_test_lines_v2\train\images\covid_test_000170.jpg,cropped_tests\images\covid_test_000170_crop.jpg,train,skipped,0.4928,
extra_unlabeled_covid_test_lines_v2\train\images\covid_test_000171.jpg,cropped_tests\images\covid_test_000171_crop.jpg,train,negative,0.4856,classification_dataset\train\no\covid_test_000171_crop.jpg
extra_unlabeled_covid_test_lines_v2\train\images\covid_test_000172.jpg,,train,no_detection,,
extra_unlabeled_covid_test_lines_v2\train\images\covid_test_000174.jpg,cropped_tests\images\covid_test_000174_crop.jpg,train,skipped,0.3512,
extra_unlabeled_covid_test_lines_v2\train\images\covid_test_000175.jpg,cropped_tests\images\covid_test_000175_crop.jpg,train,skipped,0.4887,
extra_unlabeled_covid_test_lines_v2\train\images\covid_test_000177.jpg,,train,no_detection,,
extra_unlabeled_covid_test_lines_v2\train\images\covid_test_000178.jpg,cropped_tests\images\covid_test_000178_crop.jpg,train,skipped,0.2451,
extra_unlabeled_covid_test_lines_v2\train\images\covid_test_000180.jpg,,train,no_detection,,
extra_unlabeled_covid_test_lines_v2\train\images\covid_test_000181.jpg,,train,no_detection,,
extra_unlabeled_covid_test_lines_v2\train\images\covid_test_000182.jpg,cropped_tests\images\covid_test_000182_crop_0001.jpg,train,skipped,0.5970,
extra_unlabeled_covid_test_lines_v2\train\images\covid_test_000185.jpg,,train,no_detection,,
extra_unlabeled_covid_test_lines_v2\train\images\covid_test_000186.jpg,cropped_tests\images\covid_test_000186_crop.jpg,train,skipped,0.2876,
extra_unlabeled_covid_test_lines_v2\train\images\covid_test_000188.jpg,cropped_tests\images\covid_test_000188_crop_0001.jpg,train,skipped,0.6292,
extra_unlabeled_covid_test_lines_v2\train\images\covid_test_000189.jpg,cropped_tests\images\covid_test_000189_crop.jpg,train,skipped,0.2452,
extra_unlabeled_covid_test_lines_v2\train\images\covid_test_000190.jpg,cropped_tests\images\covid_test_000190_crop_0001.jpg,train,negative,0.6720,classification_dataset\train\no\covid_test_000190_crop_0001.jpg
extra_unlabeled_covid_test_lines_v2\train\images\covid_test_000191.jpg,,train,no_detection,,
extra_unlabeled_covid_test_lines_v2\train\images\covid_test_000192.jpg,,train,no_detection,,
extra_unlabeled_covid_test_lines_v2\train\images\covid_test_000193.jpg,,train,no_detection,,
extra_unlabeled_covid_test_lines_v2\train\images\covid_test_000194.jpg,cropped_tests\images\covid_test_000194_crop.jpg,train,skipped,0.3009,
extra_unlabeled_covid_test_lines_v2\train\images\covid_test_000195.jpg,cropped_tests\images\covid_test_000195_crop.jpg,train,skipped,0.3539,
extra_unlabeled_covid_test_lines_v2\train\images\covid_test_000196.jpg,,train,no_detection,,
extra_unlabeled_covid_test_lines_v2\train\images\covid_test_000198.jpg,cropped_tests\images\covid_test_000198_crop_0001.jpg,train,positive,0.6674,classification_dataset\train\yes\covid_test_000198_crop_0001.jpg
extra_unlabeled_covid_test_lines_v2\train\images\covid_test_000199.jpg,,train,no_detection,,
extra_unlabeled_covid_test_lines_v2\train\images\covid_test_000201.jpg,,train,no_detection,,
extra_unlabeled_covid_test_lines_v2\train\images\covid_test_000202.jpg,cropped_tests\images\covid_test_000202_crop_0001.jpg,train,skipped,0.4272,
extra_unlabeled_covid_test_lines_v2\train\images\covid_test_000203.jpg,cropped_tests\images\covid_test_000203_crop_0001.jpg,train,invalid,0.2094,classification_dataset\train\invalid\covid_test_000203_crop_0001.jpg
extra_unlabeled_covid_test_lines_v2\train\images\covid_test_000204.jpg,cropped_tests\images\covid_test_000204_crop.jpg,train,skipped,0.5516,
extra_unlabeled_covid_test_lines_v2\train\images\covid_test_000205.jpg,,train,no_detection,,
extra_unlabeled_covid_test_lines_v2\train\images\covid_test_000207.jpg,cropped_tests\images\covid_test_000207_crop.jpg,train,skipped,0.3062,
extra_unlabeled_covid_test_lines_v2\train\images\covid_test_000208.jpg,cropped_tests\images\covid_test_000208_crop_0001.jpg,train,negative,0.6352,classification_dataset\train\no\covid_test_000208_crop_0001.jpg
extra_unlabeled_covid_test_lines_v2\train\images\covid_test_000209.jpg,,train,no_detection,,
extra_unlabeled_covid_test_lines_v2\train\images\covid_test_000210.jpg,cropped_tests\images\covid_test_000210_crop.jpg,train,skipped,0.4479,
extra_unlabeled_covid_test_lines_v2\train\images\covid_test_000211.jpg,cropped_tests\images\covid_test_000211_crop.jpg,train,negative,0.3622,classification_dataset\train\no\covid_test_000211_crop.jpg
extra_unlabeled_covid_test_lines_v2\train\images\covid_test_000212.jpg,,train,no_detection,,
extra_unlabeled_covid_test_lines_v2\train\images\covid_test_000213.jpg,cropped_tests\images\covid_test_000213_crop_0001.jpg,train,skipped,0.3834,
extra_unlabeled_covid_test_lines_v2\train\images\covid_test_000215.jpg,cropped_tests\images\covid_test_000215_crop.jpg,train,invalid,0.5950,classification_dataset\train\invalid\covid_test_000215_crop.jpg
extra_unlabeled_covid_test_lines_v2\train\images\covid_test_000216.jpg,cropped_tests\images\covid_test_000216_crop_0001.jpg,train,skipped,0.2606,
extra_unlabeled_covid_test_lines_v2\train\images\covid_test_000217.jpg,,train,no_detection,,
extra_unlabeled_covid_test_lines_v2\train\images\covid_test_000218.jpg,,train,no_detection,,
extra_unlabeled_covid_test_lines_v2\train\images\covid_test_000221.jpg,cropped_tests\images\covid_test_000221_crop_0001.jpg,train,skipped,0.1685,
extra_unlabeled_covid_test_lines_v2\train\images\covid_test_000222.jpg,cropped_tests\images\covid_test_000222_crop.jpg,train,skipped,0.1619,
extra_unlabeled_covid_test_lines_v2\train\images\covid_test_000223.jpg,,train,no_detection,,
extra_unlabeled_covid_test_lines_v2\train\images\covid_test_000224.jpg,,train,no_detection,,
extra_unlabeled_covid_test_lines_v2\train\images\covid_test_000225.jpg,cropped_tests\images\covid_test_000225_crop.jpg,train,skipped,0.6079,
extra_unlabeled_covid_test_lines_v2\train\images\covid_test_000226.jpg,cropped_tests\images\covid_test_000226_crop.jpg,train,skipped,0.1972,
extra_unlabeled_covid_test_lines_v2\train\images\covid_test_000228.jpg,cropped_tests\images\covid_test_000228_crop.jpg,train,skipped,0.1405,
extra_unlabeled_covid_test_lines_v2\train\images\covid_test_000229.jpg,,train,no_detection,,
extra_unlabeled_covid_test_lines_v2\train\images\covid_test_000230.jpg,cropped_tests\images\covid_test_000230_crop_0001.jpg,train,negative,0.7583,classification_dataset\train\no\covid_test_000230_crop_0001.jpg
extra_unlabeled_covid_test_lines_v2\train\images\covid_test_000231.jpg,cropped_tests\images\covid_test_000231_crop.jpg,train,skipped,0.2623,
extra_unlabeled_covid_test_lines_v2\train\images\covid_test_000232.jpg,cropped_tests\images\covid_test_000232_crop.jpg,train,skipped,0.5335,
extra_unlabeled_covid_test_lines_v2\train\images\covid_test_000233.jpg,cropped_tests\images\covid_test_000233_crop_0001.jpg,train,skipped,0.4489,
extra_unlabeled_covid_test_lines_v2\train\images\covid_test_000234.jpg,cropped_tests\images\covid_test_000234_crop_0001.jpg,train,skipped,0.2826,
extra_unlabeled_covid_test_lines_v2\train\images\covid_test_000235.jpg,cropped_tests\images\covid_test_000235_crop.jpg,train,skipped,0.1229,
extra_unlabeled_covid_test_lines_v2\train\images\covid_test_000237.jpg,cropped_tests\images\covid_test_000237_crop_0001.jpg,train,skipped,0.5708,
extra_unlabeled_covid_test_lines_v2\train\images\covid_test_000238.jpg,,train,no_detection,,
extra_unlabeled_covid_test_lines_v2\train\images\covid_test_000239.jpg,,train,no_detection,,
extra_unlabeled_covid_test_lines_v2\train\images\covid_test_000240.jpg,,train,no_detection,,
extra_unlabeled_covid_test_lines_v2\train\images\covid_test_000241.jpg,,train,no_detection,,
extra_unlabeled_covid_test_lines_v2\train\images\covid_test_000242.jpg,,train,no_detection,,
extra_unlabeled_covid_test_lines_v2\train\images\covid_test_000244.jpg,,train,no_detection,,
extra_unlabeled_covid_test_lines_v2\train\images\covid_test_000245.jpg,cropped_tests\images\covid_test_000245_crop_0001.jpg,train,positive,0.6648,classification_dataset\train\yes\covid_test_000245_crop_0001.jpg
extra_unlabeled_covid_test_lines_v2\train\images\covid_test_000246.jpg,,train,no_detection,,
extra_unlabeled_covid_test_lines_v2\train\images\covid_test_000247.jpg,cropped_tests\images\covid_test_000247_crop_0001.jpg,train,skipped,0.1091,
extra_unlabeled_covid_test_lines_v2\train\images\covid_test_000248.jpg,cropped_tests\images\covid_test_000248_crop_0001.jpg,train,positive,0.1024,classification_dataset\train\yes\covid_test_000248_crop_0001.jpg
extra_unlabeled_covid_test_lines_v2\train\images\covid_test_000249.jpg,,train,no_detection,,
extra_unlabeled_covid_test_lines_v2\train\images\covid_test_000250.jpg,cropped_tests\images\covid_test_000250_crop_0001.jpg,train,skipped,0.6395,
extra_unlabeled_covid_test_lines_v2\train\images\covid_test_000251.jpg,cropped_tests\images\covid_test_000251_crop_0001.jpg,train,positive,0.4595,classification_dataset\train\yes\covid_test_000251_crop_0001.jpg
extra_unlabeled_covid_test_lines_v2\train\images\covid_test_000252.jpg,,train,no_detection,,
extra_unlabeled_covid_test_lines_v2\test\images\covid_test_000007.jpg,,val,no_detection,,
extra_unlabeled_covid_test_lines_v2\test\images\covid_test_000010.jpg,cropped_tests\images\covid_test_000010_crop.jpg,val,skipped,0.5825,
extra_unlabeled_covid_test_lines_v2\test\images\covid_test_000011.jpg,cropped_tests\images\covid_test_000011_crop_0001.jpg,val,skipped,0.5127,
extra_unlabeled_covid_test_lines_v2\test\images\covid_test_000016.jpg,cropped_tests\images\covid_test_000016_crop.jpg,val,skipped,0.3081,
extra_unlabeled_covid_test_lines_v2\test\images\covid_test_000017.jpg,,val,no_detection,,
extra_unlabeled_covid_test_lines_v2\test\images\covid_test_000019.jpg,,val,no_detection,,
extra_unlabeled_covid_test_lines_v2\test\images\covid_test_000020.jpg,cropped_tests\images\covid_test_000020_crop.jpg,val,skipped,0.2971,
extra_unlabeled_covid_test_lines_v2\test\images\covid_test_000025.jpg,,val,no_detection,,
extra_unlabeled_covid_test_lines_v2\test\images\covid_test_000026.jpg,cropped_tests\images\covid_test_000026_crop_0001.jpg,val,skipped,0.5760,
extra_unlabeled_covid_test_lines_v2\test\images\covid_test_000031.jpg,,val,no_detection,,
extra_unlabeled_covid_test_lines_v2\test\images\covid_test_000034.jpg,cropped_tests\images\covid_test_000034_crop.jpg,val,skipped,0.3601,
extra_unlabeled_covid_test_lines_v2\test\images\covid_test_000039.jpg,cropped_tests\images\covid_test_000039_crop_0001.jpg,val,skipped,0.4428,
extra_unlabeled_covid_test_lines_v2\test\images\covid_test_000046.jpg,cropped_tests\images\covid_test_000046_crop.jpg,val,skipped,0.4518,
extra_unlabeled_covid_test_lines_v2\test\images\covid_test_000061.jpg,cropped_tests\images\covid_test_000061_crop_0001.jpg,val,skipped,0.2253,
extra_unlabeled_covid_test_lines_v2\test\images\covid_test_000067.jpg,cropped_tests\images\covid_test_000067_crop_0001.jpg,val,skipped,0.4398,
extra_unlabeled_covid_test_lines_v2\test\images\covid_test_000068.jpg,cropped_tests\images\covid_test_000068_crop_0001.jpg,val,skipped,0.3551,
extra_unlabeled_covid_test_lines_v2\test\images\covid_test_000069.jpg,,val,no_detection,,
extra_unlabeled_covid_test_lines_v2\test\images\covid_test_000083.jpg,cropped_tests\images\covid_test_000083_crop.jpg,val,skipped,0.1479,
extra_unlabeled_covid_test_lines_v2\test\images\covid_test_000087.jpg,,val,no_detection,,
extra_unlabeled_covid_test_lines_v2\test\images\covid_test_000097.jpg,cropped_tests\images\covid_test_000097_crop_0001.jpg,val,skipped,0.6802,
extra_unlabeled_covid_test_lines_v2\test\images\covid_test_000102.jpg,,val,no_detection,,
extra_unlabeled_covid_test_lines_v2\test\images\covid_test_000110.jpg,cropped_tests\images\covid_test_000110_crop.jpg,val,skipped,0.5655,
extra_unlabeled_covid_test_lines_v2\test\images\covid_test_000112.jpg,cropped_tests\images\covid_test_000112_crop.jpg,val,skipped,0.4675,
extra_unlabeled_covid_test_lines_v2\test\images\covid_test_000116.jpg,cropped_tests\images\covid_test_000116_crop_0001.jpg,val,skipped,0.1448,
extra_unlabeled_covid_test_lines_v2\test\images\covid_test_000118.jpg,cropped_tests\images\covid_test_000118_crop_0001.jpg,val,skipped,0.6220,
extra_unlabeled_covid_test_lines_v2\test\images\covid_test_000125.jpg,,val,no_detection,,
extra_unlabeled_covid_test_lines_v2\test\images\covid_test_000126.jpg,,val,no_detection,,
extra_unlabeled_covid_test_lines_v2\test\images\covid_test_000133.jpg,cropped_tests\images\covid_test_000133_crop_0001.jpg,val,positive,0.5249,classification_dataset\val\yes\covid_test_000133_crop_0001.jpg
extra_unlabeled_covid_test_lines_v2\test\images\covid_test_000141.jpg,cropped_tests\images\covid_test_000141_crop_0001.jpg,val,positive,0.5081,classification_dataset\val\yes\covid_test_000141_crop_0001.jpg
extra_unlabeled_covid_test_lines_v2\test\images\covid_test_000143.jpg,,val,no_detection,,
extra_unlabeled_covid_test_lines_v2\test\images\covid_test_000144.jpg,cropped_tests\images\covid_test_000144_crop.jpg,val,positive,0.6744,classification_dataset\val\yes\covid_test_000144_crop.jpg
extra_unlabeled_covid_test_lines_v2\test\images\covid_test_000149.jpg,,val,no_detection,,
extra_unlabeled_covid_test_lines_v2\test\images\covid_test_000157.jpg,cropped_tests\images\covid_test_000157_crop.jpg,val,negative,0.2032,classification_dataset\val\no\covid_test_000157_crop.jpg
extra_unlabeled_covid_test_lines_v2\test\images\covid_test_000160.jpg,,val,no_detection,,
extra_unlabeled_covid_test_lines_v2\test\images\covid_test_000163.jpg,,val,no_detection,,
extra_unlabeled_covid_test_lines_v2\test\images\covid_test_000166.jpg,cropped_tests\images\covid_test_000166_crop.jpg,val,negative,0.4143,classification_dataset\val\no\covid_test_000166_crop.jpg
extra_unlabeled_covid_test_lines_v2\test\images\covid_test_000173.jpg,,val,no_detection,,
extra_unlabeled_covid_test_lines_v2\test\images\covid_test_000176.jpg,cropped_tests\images\covid_test_000176_crop.jpg,val,skipped,0.4190,
extra_unlabeled_covid_test_lines_v2\test\images\covid_test_000179.jpg,cropped_tests\images\covid_test_000179_crop.jpg,val,skipped,0.6265,
extra_unlabeled_covid_test_lines_v2\test\images\covid_test_000183.jpg,cropped_tests\images\covid_test_000183_crop.jpg,val,skipped,0.2961,
extra_unlabeled_covid_test_lines_v2\test\images\covid_test_000184.jpg,cropped_tests\images\covid_test_000184_crop_0001.jpg,val,skipped,0.2341,
extra_unlabeled_covid_test_lines_v2\test\images\covid_test_000187.jpg,,val,no_detection,,
extra_unlabeled_covid_test_lines_v2\test\images\covid_test_000197.jpg,,val,no_detection,,
extra_unlabeled_covid_test_lines_v2\test\images\covid_test_000200.jpg,cropped_tests\images\covid_test_000200_crop_0001.jpg,val,skipped,0.5411,
extra_unlabeled_covid_test_lines_v2\test\images\covid_test_000206.jpg,,val,no_detection,,
extra_unlabeled_covid_test_lines_v2\test\images\covid_test_000214.jpg,cropped_tests\images\covid_test_000214_crop_0001.jpg,val,skipped,0.5227,
extra_unlabeled_covid_test_lines_v2\test\images\covid_test_000219.jpg,,val,no_detection,,
extra_unlabeled_covid_test_lines_v2\test\images\covid_test_000220.jpg,cropped_tests\images\covid_test_000220_crop.jpg,val,skipped,0.1453,
extra_unlabeled_covid_test_lines_v2\test\images\covid_test_000227.jpg,,val,no_detection,,
extra_unlabeled_covid_test_lines_v2\test\images\covid_test_000236.jpg,cropped_tests\images\covid_test_000236_crop_0001.jpg,val,skipped,0.2148,
extra_unlabeled_covid_test_lines_v2\test\images\covid_test_000243.jpg,cropped_tests\images\covid_test_000243_crop_0001.jpg,val,positive,0.1529,classification_dataset\val\yes\covid_test_000243_crop_0001.jpg
dataset_labeled\val\images\covid_test_000006.jpg,cropped_tests\images\covid_test_000006_crop.jpg,val,negative,0.7879,classification_dataset\val\no\covid_test_000006_crop.jpg
dataset_labeled\val\images\covid_test_000018.jpg,cropped_tests\images\covid_test_000018_crop_0001.jpg,val,skipped,0.7897,
dataset_labeled\val\images\covid_test_000020.jpg,,val,no_detection,,
dataset_labeled\val\images\covid_test_000022.jpg,cropped_tests\images\covid_test_000022_crop.jpg,val,positive,0.8621,classification_dataset\val\yes\covid_test_000022_crop.jpg
dataset_labeled\val\images\covid_test_000024.jpg,cropped_tests\images\covid_test_000024_crop_0001.jpg,val,positive,0.8557,classification_dataset\val\yes\covid_test_000024_crop_0001.jpg
dataset_labeled\val\images\covid_test_000030.jpg,cropped_tests\images\covid_test_000030_crop.jpg,val,negative,0.8948,classification_dataset\val\no\covid_test_000030_crop.jpg
dataset_labeled\val\images\covid_test_000032.jpg,cropped_tests\images\covid_test_000032_crop_0001.jpg,val,negative,0.8581,classification_dataset\val\no\covid_test_000032_crop_0001.jpg
dataset_labeled\val\images\covid_test_000046.jpg,cropped_tests\images\covid_test_000046_crop_0001.jpg,val,negative,0.8597,classification_dataset\val\no\covid_test_000046_crop_0001.jpg
dataset_labeled\val\images\covid_test_000052.jpg,cropped_tests\images\covid_test_000052_crop_0001.jpg,val,negative,0.3987,classification_dataset\val\no\covid_test_000052_crop_0001.jpg
dataset_labeled\val\images\covid_test_000057.jpg,cropped_tests\images\covid_test_000057_crop.jpg,val,negative,0.7585,classification_dataset\val\no\covid_test_000057_crop.jpg
dataset_labeled\val\images\covid_test_000060.jpg,cropped_tests\images\covid_test_000060_crop.jpg,val,negative,0.8024,classification_dataset\val\no\covid_test_000060_crop.jpg
dataset_labeled\val\images\covid_test_000062.jpg,cropped_tests\images\covid_test_000062_crop_0001.jpg,val,skipped,0.6517,
dataset_labeled\val\images\covid_test_000065.jpg,cropped_tests\images\covid_test_000065_crop_0001.jpg,val,skipped,0.1232,
dataset_labeled\val\images\covid_test_000066.jpg,cropped_tests\images\covid_test_000066_crop_0001.jpg,val,negative,0.9133,classification_dataset\val\no\covid_test_000066_crop_0001.jpg
dataset_labeled\val\images\covid_test_000081.jpg,,val,no_detection,,
dataset_labeled\val\images\covid_test_000090.jpg,cropped_tests\images\covid_test_000090_crop_0001.jpg,val,positive,0.7922,classification_dataset\val\yes\covid_test_000090_crop_0001.jpg
dataset_labeled\val\images\covid_test_000100.jpg,cropped_tests\images\covid_test_000100_crop_0001.jpg,val,positive,0.6276,classification_dataset\val\yes\covid_test_000100_crop_0001.jpg
dataset_labeled\val\images\covid_test_000110.jpg,,val,no_detection,,
dataset_labeled\val\images\covid_test_000112.jpg,cropped_tests\images\covid_test_000112_crop_0001.jpg,val,positive,0.8190,classification_dataset\val\yes\covid_test_000112_crop_0001.jpg
dataset_labeled\val\images\covid_test_000114.jpg,cropped_tests\images\covid_test_000114_crop_0001.jpg,val,negative,0.8403,classification_dataset\val\no\covid_test_000114_crop_0001.jpg
dataset_labeled\val\images\covid_test_000130.jpg,cropped_tests\images\covid_test_000130_crop.jpg,val,negative,0.8367,classification_dataset\val\no\covid_test_000130_crop.jpg
dataset_labeled\val\images\covid_test_000134.jpg,cropped_tests\images\covid_test_000134_crop_0001.jpg,val,skipped,0.6633,
dataset_labeled\val\images\covid_test_000140.jpg,cropped_tests\images\covid_test_000140_crop.jpg,val,negative,0.8030,classification_dataset\val\no\covid_test_000140_crop.jpg
dataset_labeled\val\images\covid_test_000143.jpg,cropped_tests\images\covid_test_000143_crop.jpg,val,negative,0.9342,classification_dataset\val\no\covid_test_000143_crop.jpg
dataset_labeled\val\images\covid_test_000144.jpg,cropped_tests\images\covid_test_000144_crop_0001.jpg,val,skipped,0.8153,
dataset_labeled\val\images\covid_test_000145.jpg,cropped_tests\images\covid_test_000145_crop_0001.jpg,val,positive,0.7766,classification_dataset\val\yes\covid_test_000145_crop_0001.jpg
dataset_labeled\val\images\covid_test_000147.jpg,cropped_tests\images\covid_test_000147_crop_0001.jpg,val,positive,0.8866,classification_dataset\val\yes\covid_test_000147_crop_0001.jpg
dataset_labeled\val\images\covid_test_000150.jpg,cropped_tests\images\covid_test_000150_crop.jpg,val,negative,0.9158,classification_dataset\val\no\covid_test_000150_crop.jpg
dataset_labeled\val\images\covid_test_000153.jpg,cropped_tests\images\covid_test_000153_crop_0001.jpg,val,negative,0.8106,classification_dataset\val\no\covid_test_000153_crop_0001.jpg
dataset_labeled\val\images\covid_test_000161.jpg,cropped_tests\images\covid_test_000161_crop_0001.jpg,val,positive,0.8378,classification_dataset\val\yes\covid_test_000161_crop_0001.jpg
dataset_labeled\val\images\covid_test_000171.jpg,cropped_tests\images\covid_test_000171_crop_0001.jpg,val,negative,0.8548,classification_dataset\val\no\covid_test_000171_crop_0001.jpg
dataset_labeled\val\images\covid_test_000178.jpg,,val,no_detection,,
dataset_labeled\val\images\covid_test_000180.jpg,cropped_tests\images\covid_test_000180_crop.jpg,val,negative,0.9243,classification_dataset\val\no\covid_test_000180_crop.jpg
dataset_labeled\val\images\covid_test_000189.jpg,cropped_tests\images\covid_test_000189_crop_0001.jpg,val,negative,0.8719,classification_dataset\val\no\covid_test_000189_crop_0001.jpg
dataset_labeled\val\images\covid_test_000191.jpg,,val,no_detection,,
dataset_labeled\val\images\covid_test_000218.jpg,cropped_tests\images\covid_test_000218_crop.jpg,val,negative,0.7119,classification_dataset\val\no\covid_test_000218_crop.jpg
dataset_labeled\val\images\covid_test_000220.jpg,cropped_tests\images\covid_test_000220_crop_0001.jpg,val,skipped,0.4299,
dataset_labeled\val\images\covid_test_000222.jpg,,val,no_detection,,
dataset_labeled\val\images\covid_test_000227.jpg,,val,no_detection,,
dataset_labeled\val\images\covid_test_000229.jpg,cropped_tests\images\covid_test_000229_crop.jpg,val,negative,0.8070,classification_dataset\val\no\covid_test_000229_crop.jpg
dataset_labeled\val\images\covid_test_000231.jpg,cropped_tests\images\covid_test_000231_crop_0001.jpg,val,negative,0.8247,classification_dataset\val\no\covid_test_000231_crop_0001.jpg
dataset_labeled\val\images\covid_test_000232.jpg,,val,no_detection,,
dataset_labeled\val\images\covid_test_000235.jpg,,val,no_detection,,
dataset_labeled\val\images\covid_test_000240.jpg,,val,no_detection,,
dataset_labeled\val\images\covid_test_000241.jpg,,val,no_detection,,
dataset_labeled\val\images\covid_test_000261.jpg,cropped_tests\images\covid_test_000261_crop.jpg,val,positive,0.1321,classification_dataset\val\yes\covid_test_000261_crop.jpg
dataset_labeled\val\images\covid_test_000264.jpg,,val,no_detection,,
dataset_labeled\val\images\covid_test_000280.jpg,cropped_tests\images\covid_test_000280_crop.jpg,val,negative,0.8169,classification_dataset\val\no\covid_test_000280_crop.jpg
dataset_labeled\val\images\covid_test_000284.jpg,cropped_tests\images\covid_test_000284_crop.jpg,val,positive,0.8643,classification_dataset\val\yes\covid_test_000284_crop.jpg
dataset_labeled\val\images\covid_test_000287.jpg,cropped_tests\images\covid_test_000287_crop.jpg,val,positive,0.9086,classification_dataset\val\yes\covid_test_000287_crop.jpg
dataset_labeled\val\images\covid_test_000312.jpg,cropped_tests\images\covid_test_000312_crop.jpg,val,skipped,0.7817,
dataset_labeled\val\images\covid_test_000336.jpg,,val,no_detection,,
dataset_labeled\val\images\covid_test_000343.jpg,cropped_tests\images\covid_test_000343_crop.jpg,val,positive,0.7041,classification_dataset\val\yes\covid_test_000343_crop.jpg
dataset_labeled\val\images\covid_test_000346.jpg,,val,no_detection,,
dataset_labeled\val\images\covid_test_000352.jpg,cropped_tests\images\covid_test_000352_crop.jpg,val,positive,0.7972,classification_dataset\val\yes\covid_test_000352_crop.jpg
dataset_labeled\val\images\covid_test_000364.jpg,,val,no_detection,,
dataset_labeled\val\images\covid_test_000370.jpg,cropped_tests\images\covid_test_000370_crop.jpg,val,skipped,0.7708,
dataset_labeled\val\images\covid_test_000371.jpg,cropped_tests\images\covid_test_000371_crop.jpg,val,positive,0.8950,classification_dataset\val\yes\covid_test_000371_crop.jpg
dataset_labeled\val\images\covid_test_000380.jpg,cropped_tests\images\covid_test_000380_crop.jpg,val,positive,0.9454,classification_dataset\val\yes\covid_test_000380_crop.jpg
dataset_labeled\val\images\covid_test_000381.jpg,cropped_tests\images\covid_test_000381_crop.jpg,val,negative,0.7915,classification_dataset\val\no\covid_test_000381_crop.jpg
dataset_labeled\val\images\covid_test_000391.jpg,cropped_tests\images\covid_test_000391_crop.jpg,val,negative,0.6561,classification_dataset\val\no\covid_test_000391_crop.jpg
dataset_labeled\val\images\covid_test_000398.jpg,,val,no_detection,,
dataset_labeled\val\images\covid_test_000404.jpg,,val,no_detection,,
dataset_labeled\val\images\covid_test_000413.jpg,cropped_tests\images\covid_test_000413_crop.jpg,val,negative,0.8397,classification_dataset\val\no\covid_test_000413_crop.jpg
dataset_labeled\val\images\covid_test_000425.jpg,cropped_tests\images\covid_test_000425_crop.jpg,val,positive,0.2688,classification_dataset\val\yes\covid_test_000425_crop.jpg
dataset_labeled\val\images\covid_test_000429.jpg,,val,no_detection,,
dataset_labeled\val\images\covid_test_000437.jpg,cropped_tests\images\covid_test_000437_crop.jpg,val,skipped,0.8644,
dataset_labeled\val\images\covid_test_000443.jpg,cropped_tests\images\covid_test_000443_crop.jpg,val,negative,0.7878,classification_dataset\val\no\covid_test_000443_crop.jpg
dataset_labeled\val\images\covid_test_000445.jpg,,val,no_detection,,
dataset_labeled\val\images\covid_test_000453.jpg,cropped_tests\images\covid_test_000453_crop.jpg,val,positive,0.9135,classification_dataset\val\yes\covid_test_000453_crop.jpg
dataset_labeled\val\images\covid_test_000454.jpg,cropped_tests\images\covid_test_000454_crop.jpg,val,negative,0.8556,classification_dataset\val\no\covid_test_000454_crop.jpg
dataset_labeled\val\images\covid_test_000460.jpg,cropped_tests\images\covid_test_000460_crop.jpg,val,negative,0.6575,classification_dataset\val\no\covid_test_000460_crop.jpg
dataset_labeled\val\images\covid_test_000468.jpg,cropped_tests\images\covid_test_000468_crop.jpg,val,negative,0.6715,classification_dataset\val\no\covid_test_000468_crop.jpg
dataset_labeled\val\images\covid_test_000470.jpg,,val,no_detection,,
dataset_labeled\val\images\covid_test_000472.jpg,cropped_tests\images\covid_test_000472_crop.jpg,val,negative,0.8530,classification_dataset\val\no\covid_test_000472_crop.jpg
dataset_labeled\val\images\covid_test_000477.jpg,cropped_tests\images\covid_test_000477_crop.jpg,val,positive,0.6590,classification_dataset\val\yes\covid_test_000477_crop.jpg
dataset_labeled\val\images\covid_test_000481.jpg,,val,no_detection,,
dataset_labeled\val\images\covid_test_000482.jpg,cropped_tests\images\covid_test_000482_crop.jpg,val,positive,0.5062,classification_dataset\val\yes\covid_test_000482_crop.jpg
dataset_labeled\val\images\covid_test_000485.jpg,,val,no_detection,,
dataset_labeled\val\images\covid_test_000494.jpg,cropped_tests\images\covid_test_000494_crop.jpg,val,skipped,0.7599,
